modulus,method,split,accuracy,nll
4,fourier,train,1.0,0.048387654828542466
4,fourier,validation,1.0,0.04861945897782012
4,fourier,same_range,1.0,0.04894923933991411
4,fourier,large_numbers,1.0,0.04963956964033377
4,fourier,new_wording,1.0,0.050360524056639114
4,native-p2-17,train,0.78125,0.5590383745577955
4,native-p2-17,validation,0.78125,0.6187492735332991
4,native-p2-17,same_range,0.765625,0.6015755795636885
4,native-p2-17,large_numbers,0.78125,0.646539550906116
4,native-p2-17,new_wording,0.71875,0.6647347909313518
4,native-p2-29,train,0.78125,0.5590383745577955
4,native-p2-29,validation,0.78125,0.6187492735332991
4,native-p2-29,same_range,0.765625,0.6015755795636885
4,native-p2-29,large_numbers,0.78125,0.646539550906116
4,native-p2-29,new_wording,0.71875,0.6647347909313518
4,native-p2-43,train,0.78125,0.5590383745577955
4,native-p2-43,validation,0.78125,0.6187492735332991
4,native-p2-43,same_range,0.765625,0.6015755795636885
4,native-p2-43,large_numbers,0.78125,0.646539550906116
4,native-p2-43,new_wording,0.71875,0.6647347909313518
4,native-p3-17,train,0.3984375,1.3383880054339166
4,native-p3-17,validation,0.265625,1.4097519533062033
4,native-p3-17,same_range,0.28125,1.4161739374423536
4,native-p3-17,large_numbers,0.234375,1.4878676848569807
4,native-p3-17,new_wording,0.25,1.4919598177279498
4,native-p3-29,train,0.3515625,1.3349369646475164
4,native-p3-29,validation,0.265625,1.4441262512639221
4,native-p3-29,same_range,0.28125,1.3950405100773309
4,native-p3-29,large_numbers,0.265625,1.4567642459733614
4,native-p3-29,new_wording,0.234375,1.4635913336844826
4,native-p3-43,train,0.3359375,1.3446793475186025
4,native-p3-43,validation,0.265625,1.433070405066227
4,native-p3-43,same_range,0.328125,1.3684600755647385
4,native-p3-43,large_numbers,0.21875,1.4408389600070368
4,native-p3-43,new_wording,0.234375,1.4500280685880143
4,quotient-p2-17,train,0.78125,0.5590383745577955
4,quotient-p2-17,validation,0.78125,0.6187492735332991
4,quotient-p2-17,same_range,0.765625,0.6015755795636885
4,quotient-p2-17,large_numbers,0.78125,0.646539550906116
4,quotient-p2-17,new_wording,0.71875,0.6647347909313518
4,quotient-p2-29,train,0.78125,0.5590383745577955
4,quotient-p2-29,validation,0.78125,0.6187492735332991
4,quotient-p2-29,same_range,0.765625,0.6015755795636885
4,quotient-p2-29,large_numbers,0.78125,0.646539550906116
4,quotient-p2-29,new_wording,0.71875,0.6647347909313518
4,quotient-p2-43,train,0.78125,0.5590383745577955
4,quotient-p2-43,validation,0.78125,0.6187492735332991
4,quotient-p2-43,same_range,0.765625,0.6015755795636885
4,quotient-p2-43,large_numbers,0.78125,0.646539550906116
4,quotient-p2-43,new_wording,0.71875,0.6647347909313518
4,quotient-p3-17,train,0.3984375,1.3383880054339166
4,quotient-p3-17,validation,0.265625,1.4097519533062033
4,quotient-p3-17,same_range,0.28125,1.4161739374423536
4,quotient-p3-17,large_numbers,0.234375,1.4878676848569807
4,quotient-p3-17,new_wording,0.25,1.4919598177279498
4,quotient-p3-29,train,0.3515625,1.3349369646475164
4,quotient-p3-29,validation,0.265625,1.4441262512639221
4,quotient-p3-29,same_range,0.28125,1.3950405100773309
4,quotient-p3-29,large_numbers,0.265625,1.4567642459733614
4,quotient-p3-29,new_wording,0.234375,1.4635913336844826
4,quotient-p3-43,train,0.3359375,1.3446793475186025
4,quotient-p3-43,validation,0.265625,1.433070405066227
4,quotient-p3-43,same_range,0.328125,1.3684600755647385
4,quotient-p3-43,large_numbers,0.21875,1.4408389600070368
4,quotient-p3-43,new_wording,0.234375,1.4500280685880143
4,raw,train,0.3359375,1.356427789705947
4,raw,validation,0.390625,1.3719160603061082
4,raw,same_range,0.203125,1.4332612101485518
4,raw,large_numbers,0.25,348.3387484203339
4,raw,new_wording,0.25,348.4421588712295
4,stock,train,0.25,1.6141446947181164
4,stock,validation,0.25,1.6150441530262114
4,stock,same_range,0.25,1.6202913055708015
4,stock,large_numbers,0.25,1.6489193117973286
4,stock,new_wording,0.25,1.6845785209022868
9,fourier,train,1.0,0.47991505383080363
9,fourier,validation,1.0,0.47686567413010705
9,fourier,same_range,1.0,0.4760148502582766
9,fourier,large_numbers,1.0,0.4774585337475
9,fourier,new_wording,1.0,0.48858179605252294
9,native-p2-17,train,0.11882716049382716,2.2075579485745997
9,native-p2-17,validation,0.1388888888888889,2.217655201838962
9,native-p2-17,same_range,0.12345679012345678,2.210957040614243
9,native-p2-17,large_numbers,0.11419753086419752,2.22426214891895
9,native-p2-17,new_wording,0.12962962962962962,2.256192664397358
9,native-p2-29,train,0.11419753086419752,2.2177986867115087
9,native-p2-29,validation,0.12962962962962962,2.227290175474338
9,native-p2-29,same_range,0.10493827160493827,2.2161896578046156
9,native-p2-29,large_numbers,0.12962962962962962,2.2279208436958284
9,native-p2-29,new_wording,0.12037037037037036,2.2613562623665513
9,native-p2-43,train,0.12345679012345678,2.2000320081208526
9,native-p2-43,validation,0.12345679012345678,2.203935004064549
9,native-p2-43,same_range,0.10802469135802469,2.1986183796561396
9,native-p2-43,large_numbers,0.10185185185185185,2.205085364431607
9,native-p2-43,new_wording,0.12654320987654322,2.2290086503947557
9,native-p3-17,train,0.8364197530864198,0.726091468324679
9,native-p3-17,validation,0.8271604938271605,0.8106658960058152
9,native-p3-17,same_range,0.7962962962962963,0.8187710188666814
9,native-p3-17,large_numbers,0.8364197530864198,0.7885852530464375
9,native-p3-17,new_wording,0.9722222222222222,0.7632666572207546
9,native-p3-29,train,0.8364197530864198,0.726091468324679
9,native-p3-29,validation,0.8271604938271605,0.8106658960058152
9,native-p3-29,same_range,0.7962962962962963,0.8187710188666814
9,native-p3-29,large_numbers,0.8364197530864198,0.7885852530464375
9,native-p3-29,new_wording,0.9722222222222222,0.7632666572207546
9,native-p3-43,train,0.8364197530864198,0.726091468324679
9,native-p3-43,validation,0.8271604938271605,0.8106658960058152
9,native-p3-43,same_range,0.7962962962962963,0.8187710188666814
9,native-p3-43,large_numbers,0.8364197530864198,0.7885852530464375
9,native-p3-43,new_wording,0.9722222222222222,0.7632666572207546
9,quotient-p2-17,train,0.11882716049382716,2.2075579485745997
9,quotient-p2-17,validation,0.1388888888888889,2.217655201838962
9,quotient-p2-17,same_range,0.12345679012345678,2.210957040614243
9,quotient-p2-17,large_numbers,0.11419753086419752,2.22426214891895
9,quotient-p2-17,new_wording,0.12962962962962962,2.256192664397358
9,quotient-p2-29,train,0.11419753086419752,2.2177986867115087
9,quotient-p2-29,validation,0.12962962962962962,2.227290175474338
9,quotient-p2-29,same_range,0.10493827160493827,2.2161896578046156
9,quotient-p2-29,large_numbers,0.12962962962962962,2.2279208436958284
9,quotient-p2-29,new_wording,0.12037037037037036,2.2613562623665513
9,quotient-p2-43,train,0.12345679012345678,2.2000320081208526
9,quotient-p2-43,validation,0.12345679012345678,2.203935004064549
9,quotient-p2-43,same_range,0.10802469135802469,2.1986183796561396
9,quotient-p2-43,large_numbers,0.10185185185185185,2.205085364431607
9,quotient-p2-43,new_wording,0.12654320987654322,2.2290086503947557
9,quotient-p3-17,train,0.8364197530864198,0.726091468324679
9,quotient-p3-17,validation,0.8271604938271605,0.8106658960058152
9,quotient-p3-17,same_range,0.7962962962962963,0.8187710188666814
9,quotient-p3-17,large_numbers,0.8364197530864198,0.7885852530464375
9,quotient-p3-17,new_wording,0.9722222222222222,0.7632666572207546
9,quotient-p3-29,train,0.8364197530864198,0.726091468324679
9,quotient-p3-29,validation,0.8271604938271605,0.8106658960058152
9,quotient-p3-29,same_range,0.7962962962962963,0.8187710188666814
9,quotient-p3-29,large_numbers,0.8364197530864198,0.7885852530464375
9,quotient-p3-29,new_wording,0.9722222222222222,0.7632666572207546
9,quotient-p3-43,train,0.8364197530864198,0.726091468324679
9,quotient-p3-43,validation,0.8271604938271605,0.8106658960058152
9,quotient-p3-43,same_range,0.7962962962962963,0.8187710188666814
9,quotient-p3-43,large_numbers,0.8364197530864198,0.7885852530464375
9,quotient-p3-43,new_wording,0.9722222222222222,0.7632666572207546
9,raw,train,0.13117283950617284,2.192322968161025
9,raw,validation,0.1419753086419753,2.2185040021374536
9,raw,same_range,0.09259259259259259,2.2279292172637186
9,raw,large_numbers,0.1111111111111111,637.2805666642305
9,raw,new_wording,0.1111111111111111,637.2113151210206
9,stock,train,0.1111111111111111,2.401171300633145
9,stock,validation,0.1111111111111111,2.3939811744214152
9,stock,same_range,0.1111111111111111,2.3938519429420437
9,stock,large_numbers,0.1111111111111111,2.397383615147571
9,stock,new_wording,0.1111111111111111,2.3717416773652706
