seed,method,split,learned_parameters,intent_accuracy,intent_nll,domain_accuracy,domain_nll,probability_sum_max_error
17,semantic_prefix,development,9035,0.6526090064331665,1.407831610032437,0.7866333095067906,0.6587903757122106,5.551115123125783e-16
17,semantic_prefix,seen_test,9035,0.6579323487374941,1.449511658591828,0.7748928060981419,0.6823023164974853,4.440892098500626e-16
17,semantic_prefix,train,9035,0.8496428571428571,0.8371084694696118,0.8228571428571428,0.5359268086359397,4.440892098500626e-16
17,semantic_prefix,unseen_test,9035,,,0.69,0.8785021356652497,3.3306690738754696e-16
17,shuffled_prefix,development,9035,0.42030021443888493,2.132787217237497,0.8666904932094354,0.6257834749543206,4.440892098500626e-16
17,shuffled_prefix,seen_test,9035,0.42806098141972365,2.1355880490330637,0.8470700333492139,0.6688989729505624,4.440892098500626e-16
17,shuffled_prefix,train,9035,0.5446428571428571,1.6231636638406721,0.9528571428571428,0.45410471759784443,4.440892098500626e-16
17,shuffled_prefix,unseen_test,9035,,,0.7133333333333334,0.968241768393531,3.3306690738754696e-16
17,flat_joint,development,9035,0.7834167262330236,0.8388834553813982,0.9067190850607577,0.34258330623087824,8.881784197001252e-16
17,flat_joint,seen_test,9035,0.7772748928060982,0.8790395877384916,0.9047165316817533,0.36855198439949655,8.881784197001252e-16
17,flat_joint,train,9035,0.9903571428571428,0.1721290796625164,0.9992857142857143,0.08395019460454822,8.881784197001252e-16
17,flat_joint,unseen_test,9035,,,0.74,0.8172610324748291,4.440892098500626e-16
17,direct_domain,development,585,,,0.8495353824160115,0.459325881064138,5.551115123125783e-16
17,direct_domain,seen_test,585,,,0.8344449737970462,0.5015261882056069,5.551115123125783e-16
17,direct_domain,train,585,,,0.9017857142857143,0.3422671024861966,5.551115123125783e-16
17,direct_domain,unseen_test,585,,,0.8333333333333334,0.5355150164927113,4.440892098500626e-16
29,semantic_prefix,development,9035,0.6526090064331665,1.407822981047081,0.7866333095067906,0.6587915493979747,4.440892098500626e-16
29,semantic_prefix,seen_test,9035,0.6576941400666985,1.4495105500702619,0.7748928060981419,0.6823055256419646,4.440892098500626e-16
29,semantic_prefix,train,9035,0.8496428571428571,0.8371222498217711,0.8228571428571428,0.5359390880365147,4.440892098500626e-16
29,semantic_prefix,unseen_test,9035,,,0.69,0.878515020707113,3.3306690738754696e-16
29,shuffled_prefix,development,9035,0.412794853466762,2.186810832061572,0.859542530378842,0.6498953719511784,4.440892098500626e-16
29,shuffled_prefix,seen_test,9035,0.3947117675083373,2.238225594519606,0.8487374940447833,0.680375178987565,4.440892098500626e-16
29,shuffled_prefix,train,9035,0.5221428571428571,1.694163796538179,0.9378571428571428,0.4913142677610311,4.440892098500626e-16
29,shuffled_prefix,unseen_test,9035,,,0.7,0.9509503251080257,4.440892098500626e-16
29,flat_joint,development,9035,0.7830593280914939,0.8387304645764376,0.9067190850607577,0.34265099247199754,8.881784197001252e-16
29,flat_joint,seen_test,9035,0.7770366841353026,0.8788237091394944,0.9049547403525489,0.36860956222240704,1.1102230246251565e-15
29,flat_joint,train,9035,0.9907142857142858,0.17175564867601714,0.9992857142857143,0.0839478995788414,8.881784197001252e-16
29,flat_joint,unseen_test,9035,,,0.74,0.8169120162934153,4.440892098500626e-16
29,direct_domain,development,585,,,0.8495353824160115,0.4593306587025847,4.440892098500626e-16
29,direct_domain,seen_test,585,,,0.8344449737970462,0.5015364764101606,4.440892098500626e-16
29,direct_domain,train,585,,,0.9017857142857143,0.3422518886894416,4.440892098500626e-16
29,direct_domain,unseen_test,585,,,0.8333333333333334,0.5354583708350967,4.440892098500626e-16
43,semantic_prefix,development,9035,0.6529664045746962,1.4078547898793625,0.7866333095067906,0.6588201523214465,4.440892098500626e-16
43,semantic_prefix,seen_test,9035,0.6581705574082897,1.4495381172375723,0.7748928060981419,0.6823268870830058,4.440892098500626e-16
43,semantic_prefix,train,9035,0.8496428571428571,0.8371318661226487,0.8228571428571428,0.535948316171245,4.440892098500626e-16
43,semantic_prefix,unseen_test,9035,,,0.69,0.8783766555948117,4.440892098500626e-16
43,shuffled_prefix,development,9035,0.40421729807005,2.223269596711602,0.860614724803431,0.6543432931736011,4.440892098500626e-16
43,shuffled_prefix,seen_test,9035,0.4068604097189138,2.234878349104314,0.8473082420200095,0.6872072507528295,4.440892098500626e-16
43,shuffled_prefix,train,9035,0.5314285714285715,1.6699719839639589,0.9392857142857143,0.492911927294297,4.440892098500626e-16
43,shuffled_prefix,unseen_test,9035,,,0.7633333333333333,0.8742438896229733,4.440892098500626e-16
43,flat_joint,development,9035,0.7834167262330236,0.8388456615974107,0.9070764832022874,0.3426504772552448,7.771561172376096e-16
43,flat_joint,seen_test,9035,0.7767984754645069,0.8789365856390232,0.9047165316817533,0.36857152473772703,7.771561172376096e-16
43,flat_joint,train,9035,0.9903571428571428,0.1719588616265998,0.9992857142857143,0.08395610858611452,8.881784197001252e-16
43,flat_joint,unseen_test,9035,,,0.74,0.8171911736495306,5.551115123125783e-16
43,direct_domain,development,585,,,0.8495353824160115,0.4593130271064892,4.440892098500626e-16
43,direct_domain,seen_test,585,,,0.8344449737970462,0.5015144222945301,5.551115123125783e-16
43,direct_domain,train,585,,,0.9017857142857143,0.34221187071688686,4.440892098500626e-16
43,direct_domain,unseen_test,585,,,0.8333333333333334,0.53547870143622,4.440892098500626e-16
