comparator,domain_accuracy_difference,domain_nll_difference,domain_nll_difference_95pct_upper,seed
flat_joint,-0.050000000000000044,0.0612411031904205,0.4806994868297184,17
shuffled_prefix,-0.023333333333333428,-0.0897396327282815,0.1593817318986579,17
direct_domain,-0.14333333333333342,0.34298711917253827,0.5926619519323907,17
flat_joint,-0.050000000000000044,0.06160300441369768,0.4813365500798916,29
shuffled_prefix,-0.010000000000000009,-0.07243530440091252,0.15285553826780973,29
direct_domain,-0.14333333333333342,0.3430566498720162,0.5929718353647059,29
flat_joint,-0.050000000000000044,0.061185481945281145,0.48085892889368403,43
shuffled_prefix,-0.07333333333333336,0.004132765971838571,0.27753217689306575,43
direct_domain,-0.14333333333333342,0.34289795415859187,0.5927426977920839,43
