seed,method,stage,training_nrmse,development_nrmse,development_bf16_nrmse,development_feature_rank,development_constant_features,nll,delta_nll,accepted_moves,proposals,candidate_array_bytes,archived_bundle_bytes
,zero,final,,,,,,16.120840059268907,13.574215985934254,,,,
,mean,final,,,,,,11.940947206325486,9.394323132990833,,,,
17,reverse_ball,initial,0.7045734447151708,0.7251632863097524,0.7251656059905585,128,0,9.62759417197118,7.080970098636527,0,0,1059776,1016151
17,reverse_ball,final,0.7045734447151708,0.7251632863097524,0.7251656059905585,128,0,9.62759417197118,7.080970098636527,0,4352,1059776,1016151
17,ordered_ball,initial,0.7321909156268103,0.7457516392451999,,128,0,,,0,0,1059776,1016233
17,ordered_ball,final,0.7321909156268103,0.7457516392451999,0.7457520529807039,128,0,10.332717907212222,7.786093833877569,0,4352,1059776,1016233
17,shuffled_ball,initial,0.7283362815072282,0.7431467133823326,,128,0,,,0,0,1059776,1016288
17,shuffled_ball,final,0.7283362815072282,0.7431467133823326,0.7431496244061879,128,0,10.337109025622446,7.790484952287793,0,4352,1059776,1016288
17,reverse_signed,initial,0.7274733365357148,0.7412208446582348,,128,0,,,0,0,1059776,1015911
17,reverse_signed,final,0.7274733365357148,0.7412208446582348,0.7412202713027993,128,0,10.30006041229883,7.7534363389641765,0,4352,1059776,1015911
17,real_threshold,initial,0.5906054955420066,0.6200552006450207,,128,0,,,0,0,1059776,1015927
17,real_threshold,final,0.5901398455414304,0.6198017070371806,0.6198030405098376,128,0,7.221991919108263,4.675367845773609,4,4352,1059776,1015886
17,unmixed_ball,initial,0.611186796898528,0.6357783041241001,,104,0,,,0,0,1059776,1015691
17,unmixed_ball,final,0.611186796898528,0.6357783041241001,0.6357822437809496,104,0,7.510707935535126,4.9640838622004715,0,0,1059776,1015691
17,real_linear,initial,0.6396005380970642,0.6479138186796549,,16,112,,,0,0,1059776,192377
17,real_linear,final,0.6396005380970642,0.6479138186796549,0.6479134857210928,16,112,12.606098532556183,10.05947445922153,0,0,1059776,192377
29,reverse_ball,initial,0.7073027620735095,0.7266073514720873,0.7266102994156767,128,0,9.700245720051855,7.153621646717202,0,0,1059776,1016175
29,reverse_ball,final,0.7073027620735095,0.7266073514720873,0.7266102994156767,128,0,9.700245720051855,7.153621646717202,0,4352,1059776,1016175
29,ordered_ball,initial,0.732220785328024,0.7456763605313113,,128,0,,,0,0,1059776,1016353
29,ordered_ball,final,0.732220785328024,0.7456763605313113,0.7456756142798768,128,0,10.361045068129897,7.814420994795244,0,4352,1059776,1016353
29,shuffled_ball,initial,0.7308340800223001,0.7446677415951403,,128,0,,,0,0,1059776,1016171
29,shuffled_ball,final,0.7308340800223001,0.7446677415951403,0.7446704279759876,128,0,10.360838378891676,7.814214305557023,0,4352,1059776,1016171
29,reverse_signed,initial,0.728053138828796,0.7419271989075497,,128,0,,,0,0,1059776,1015939
29,reverse_signed,final,0.728053138828796,0.7419271989075497,0.7419282374094341,128,0,10.315054607727982,7.768430534393328,0,4352,1059776,1015939
29,real_threshold,initial,0.5927570616520783,0.6210847432087947,,128,0,,,0,0,1059776,1015838
29,real_threshold,final,0.5918488590561238,0.6207688431578995,0.6207721752021457,128,0,7.197158823392273,4.65053475005762,9,4352,1059776,1015906
29,unmixed_ball,initial,0.6151515450683837,0.638379500819906,,98,0,,,0,0,1059776,1015754
29,unmixed_ball,final,0.6151515450683837,0.638379500819906,0.638381161760461,98,0,8.977930012163933,6.431305938829279,0,0,1059776,1015754
29,real_linear,initial,0.6396005380970642,0.6479138186796549,,16,112,,,0,0,1059776,192377
29,real_linear,final,0.6396005380970642,0.6479138186796549,0.6479134857210928,16,112,12.606098532556183,10.05947445922153,0,0,1059776,192377
43,reverse_ball,initial,0.7071358603920623,0.7271323811446733,0.7271325949505537,128,0,9.661857741485065,7.115233668150411,0,0,1059776,1016041
43,reverse_ball,final,0.7071358603920623,0.7271323811446733,0.7271325949505537,128,0,9.661857741485065,7.115233668150411,0,4352,1059776,1016041
43,ordered_ball,initial,0.7319334116510514,0.7457112330172758,,128,0,,,0,0,1059776,1016354
43,ordered_ball,final,0.7319334116510514,0.7457112330172758,0.7457110096679976,128,0,10.371483505328063,7.82485943199341,0,4352,1059776,1016354
43,shuffled_ball,initial,0.7304119535641984,0.7447198548564613,,128,0,,,0,0,1059776,1016175
43,shuffled_ball,final,0.7304119535641984,0.7447198548564613,0.7447207605968534,128,0,10.299183412409459,7.752559339074805,0,4352,1059776,1016175
43,reverse_signed,initial,0.7275868224289834,0.7414884058043906,,128,0,,,0,0,1059776,1015966
43,reverse_signed,final,0.7275868224289834,0.7414884058043906,0.7414917466232143,128,0,10.339179686698953,7.7925556133643,0,4352,1059776,1015966
43,real_threshold,initial,0.5913895903615634,0.6205720427554567,,128,0,,,0,0,1059776,1015787
43,real_threshold,final,0.5911482733590411,0.6204622319714583,0.6204630511457471,128,0,7.222204045403761,4.675579972069107,2,4352,1059776,1016013
43,unmixed_ball,initial,0.6128485224422627,0.6353969577944756,,102,0,,,0,0,1059776,1015522
43,unmixed_ball,final,0.6128485224422627,0.6353969577944756,0.6353980961048867,102,0,10.345665893841169,7.799041820506515,0,0,1059776,1015522
43,real_linear,initial,0.6396005380970642,0.6479138186796549,,16,112,,,0,0,1059776,192384
43,real_linear,final,0.6396005380970642,0.6479138186796549,0.6479134857210928,16,112,12.606098532556183,10.05947445922153,0,0,1059776,192384
