case,length,prefix,method,unique_storage_bytes,logical_payload_bytes,warm_allocated_bytes_blocks,warm_allocated_bytes_median,warm_allocated_bytes_min,warm_allocated_bytes_max,warm_reserved_bytes_blocks,warm_reserved_bytes_median,warm_reserved_bytes_min,warm_reserved_bytes_max,peak_allocated_bytes_blocks,peak_allocated_bytes_median,peak_allocated_bytes_min,peak_allocated_bytes_max,peak_reserved_bytes_blocks,peak_reserved_bytes_median,peak_reserved_bytes_min,peak_reserved_bytes_max,transient_allocated_increase_bytes_blocks,transient_allocated_increase_bytes_median,transient_allocated_increase_bytes_min,transient_allocated_increase_bytes_max,setup_process_seconds_blocks,setup_process_seconds_median,setup_process_seconds_min,setup_process_seconds_max
0,2048,1024,native_full,3157120,3157120,"[36712448, 36712448, 36712448, 36712448, 36712448, 36712448, 36712448]",36712448,36712448,36712448,"[56623104, 56623104, 56623104, 56623104, 56623104, 56623104, 56623104]",56623104,56623104,56623104,"[36731904, 36731904, 36731904, 36731904, 36731904, 36731904, 36731904]",36731904,36731904,36731904,"[56623104, 56623104, 56623104, 56623104, 56623104, 56623104, 56623104]",56623104,56623104,56623104,"[19456, 19456, 19456, 19456, 19456, 19456, 19456]",19456,19456,19456,"[0.0014578849077224731, 0.001493486575782299, 0.001477038487792015, 0.0014365417882800102, 0.0014349091798067093, 0.001628492958843708, 0.0016689896583557129]",0.001477038487792015,0.0014349091798067093,0.0016689896583557129
1,2048,1024,recency,3157120,3157120,"[36712448, 36712448, 36712448, 36712448, 36712448, 36712448, 36712448]",36712448,36712448,36712448,"[56623104, 56623104, 56623104, 56623104, 56623104, 56623104, 56623104]",56623104,56623104,56623104,"[36881408, 36881408, 36881408, 36881408, 36881408, 36881408, 36881408]",36881408,36881408,36881408,"[56623104, 56623104, 56623104, 56623104, 56623104, 56623104, 56623104]",56623104,56623104,56623104,"[168960, 168960, 168960, 168960, 168960, 168960, 168960]",168960,168960,168960,"[0.0014628777280449867, 0.0014438219368457794, 0.0014875978231430054, 0.0014301734045147896, 0.0014192461967468262, 0.0016302373260259628, 0.0017178850248456001]",0.0014628777280449867,0.0014192461967468262,0.0017178850248456001
2,2048,1024,uniform,3157120,3157120,"[36712448, 36712448, 36712448, 36712448, 36712448, 36712448, 36712448]",36712448,36712448,36712448,"[56623104, 56623104, 56623104, 56623104, 56623104, 56623104, 56623104]",56623104,56623104,56623104,"[36881408, 36881408, 36881408, 36881408, 36881408, 36881408, 36881408]",36881408,36881408,36881408,"[56623104, 56623104, 56623104, 56623104, 56623104, 56623104, 56623104]",56623104,56623104,56623104,"[168960, 168960, 168960, 168960, 168960, 168960, 168960]",168960,168960,168960,"[0.0014683492481708527, 0.001441742293536663, 0.0014878371730446815, 0.001453532837331295, 0.0014154529199004173, 0.0016621733084321022, 0.001682942733168602]",0.0014683492481708527,0.0014154529199004173,0.001682942733168602
3,2048,1024,s17_p2,3258269,3258269,"[36817408, 36817408, 36817408, 36817408, 36817408, 36817408, 36817408]",36817408,36817408,36817408,"[56623104, 56623104, 56623104, 56623104, 56623104, 56623104, 56623104]",56623104,56623104,56623104,"[37105664, 37105664, 37105664, 37105664, 37105664, 37105664, 37105664]",37105664,37105664,37105664,"[56623104, 56623104, 56623104, 56623104, 56623104, 56623104, 56623104]",56623104,56623104,56623104,"[288256, 288256, 288256, 288256, 288256, 288256, 288256]",288256,288256,288256,"[0.004624887369573116, 0.004578888416290283, 0.004507431760430336, 0.004522792063653469, 0.004460504278540611, 0.00477219931781292, 0.004880087450146675]",0.004578888416290283,0.004460504278540611,0.004880087450146675
4,2048,1024,s17_p3,3261107,3261107,"[36819968, 36819968, 36819968, 36819968, 36819968, 36819968, 36819968]",36819968,36819968,36819968,"[56623104, 56623104, 56623104, 56623104, 56623104, 56623104, 56623104]",56623104,56623104,56623104,"[37108224, 37108224, 37108224, 37108224, 37108224, 37108224, 37108224]",37108224,37108224,37108224,"[56623104, 56623104, 56623104, 56623104, 56623104, 56623104, 56623104]",56623104,56623104,56623104,"[288256, 288256, 288256, 288256, 288256, 288256, 288256]",288256,288256,288256,"[0.003963544964790344, 0.003915321081876755, 0.0039492081850767136, 0.003953753039240837, 0.004014680162072182, 0.004409880377352238, 0.004278489388525486]",0.003963544964790344,0.003915321081876755,0.004409880377352238
5,2048,1024,s17_coarsened_p2,3258269,3258269,"[36817408, 36817408, 36817408, 36817408, 36817408, 36817408, 36817408]",36817408,36817408,36817408,"[56623104, 56623104, 56623104, 56623104, 56623104, 56623104, 56623104]",56623104,56623104,56623104,"[37105664, 37105664, 37105664, 37105664, 37105664, 37105664, 37105664]",37105664,37105664,37105664,"[56623104, 56623104, 56623104, 56623104, 56623104, 56623104, 56623104]",56623104,56623104,56623104,"[288256, 288256, 288256, 288256, 288256, 288256, 288256]",288256,288256,288256,"[0.004564455710351467, 0.004581560380756855, 0.004532952792942524, 0.004487704485654831, 0.004429319873452187, 0.004764503799378872, 0.004863191395998001]",0.004564455710351467,0.004429319873452187,0.004863191395998001
6,2048,1024,s29_p2,3258269,3258269,"[36817408, 36817408, 36817408, 36817408, 36817408, 36817408, 36817408]",36817408,36817408,36817408,"[56623104, 56623104, 56623104, 56623104, 56623104, 56623104, 56623104]",56623104,56623104,56623104,"[37105664, 37105664, 37105664, 37105664, 37105664, 37105664, 37105664]",37105664,37105664,37105664,"[56623104, 56623104, 56623104, 56623104, 56623104, 56623104, 56623104]",56623104,56623104,56623104,"[288256, 288256, 288256, 288256, 288256, 288256, 288256]",288256,288256,288256,"[0.004563670605421066, 0.004540422931313515, 0.00455829594284296, 0.004541335627436638, 0.004458343610167503, 0.004728088155388832, 0.004815016873180866]",0.00455829594284296,0.004458343610167503,0.004815016873180866
7,2048,1024,s29_p3,3261107,3261107,"[36819968, 36819968, 36819968, 36819968, 36819968, 36819968, 36819968]",36819968,36819968,36819968,"[56623104, 56623104, 56623104, 56623104, 56623104, 56623104, 56623104]",56623104,56623104,56623104,"[37108224, 37108224, 37108224, 37108224, 37108224, 37108224, 37108224]",37108224,37108224,37108224,"[56623104, 56623104, 56623104, 56623104, 56623104, 56623104, 56623104]",56623104,56623104,56623104,"[288256, 288256, 288256, 288256, 288256, 288256, 288256]",288256,288256,288256,"[0.003970681689679623, 0.003921128809452057, 0.00391407310962677, 0.0040013836696743965, 0.0038567930459976196, 0.00417314562946558, 0.0042312731966376305]",0.003970681689679623,0.0038567930459976196,0.0042312731966376305
8,2048,1024,s29_coarsened_p2,3258269,3258269,"[36817408, 36817408, 36817408, 36817408, 36817408, 36817408, 36817408]",36817408,36817408,36817408,"[56623104, 56623104, 56623104, 56623104, 56623104, 56623104, 56623104]",56623104,56623104,56623104,"[37105664, 37105664, 37105664, 37105664, 37105664, 37105664, 37105664]",37105664,37105664,37105664,"[56623104, 56623104, 56623104, 56623104, 56623104, 56623104, 56623104]",56623104,56623104,56623104,"[288256, 288256, 288256, 288256, 288256, 288256, 288256]",288256,288256,288256,"[0.0046743908897042274, 0.004503143019974232, 0.004555864259600639, 0.004506119526922703, 0.004431991837918758, 0.004770503379404545, 0.004819256253540516]",0.004555864259600639,0.004431991837918758,0.004819256253540516
9,2048,1024,s43_p2,3258269,3258269,"[36817408, 36817408, 36817408, 36817408, 36817408, 36817408, 36817408]",36817408,36817408,36817408,"[56623104, 56623104, 56623104, 56623104, 56623104, 56623104, 56623104]",56623104,56623104,56623104,"[37105664, 37105664, 37105664, 37105664, 37105664, 37105664, 37105664]",37105664,37105664,37105664,"[56623104, 56623104, 56623104, 56623104, 56623104, 56623104, 56623104]",56623104,56623104,56623104,"[288256, 288256, 288256, 288256, 288256, 288256, 288256]",288256,288256,288256,"[0.004581879824399948, 0.004499334841966629, 0.00458719115704298, 0.004490584135055542, 0.004528519697487354, 0.00479341484606266, 0.004851768724620342]",0.004581879824399948,0.004490584135055542,0.004851768724620342
10,2048,1024,s43_p3,3261107,3261107,"[36819968, 36819968, 36819968, 36819968, 36819968, 36819968, 36819968]",36819968,36819968,36819968,"[56623104, 56623104, 56623104, 56623104, 56623104, 56623104, 56623104]",56623104,56623104,56623104,"[37108224, 37108224, 37108224, 37108224, 37108224, 37108224, 37108224]",37108224,37108224,37108224,"[56623104, 56623104, 56623104, 56623104, 56623104, 56623104, 56623104]",56623104,56623104,56623104,"[288256, 288256, 288256, 288256, 288256, 288256, 288256]",288256,288256,288256,"[0.003943575546145439, 0.003958952613174915, 0.0039394814521074295, 0.004018537700176239, 0.0038269050419330597, 0.004155896604061127, 0.004255576990544796]",0.003958952613174915,0.0038269050419330597,0.004255576990544796
11,2048,1024,s43_coarsened_p2,3258269,3258269,"[36817408, 36817408, 36817408, 36817408, 36817408, 36817408, 36817408]",36817408,36817408,36817408,"[56623104, 56623104, 56623104, 56623104, 56623104, 56623104, 56623104]",56623104,56623104,56623104,"[37105664, 37105664, 37105664, 37105664, 37105664, 37105664, 37105664]",37105664,37105664,37105664,"[56623104, 56623104, 56623104, 56623104, 56623104, 56623104, 56623104]",56623104,56623104,56623104,"[288256, 288256, 288256, 288256, 288256, 288256, 288256]",288256,288256,288256,"[0.004578006453812122, 0.004572134464979172, 0.0045829033479094505, 0.0045433202758431435, 0.00443371944129467, 0.004770359955728054, 0.0048508718609809875]",0.004578006453812122,0.00443371944129467,0.0048508718609809875
12,2048,1024,recency_view,3157120,3157120,"[36712448, 36712448, 36712448, 36712448, 36712448, 36712448, 36712448]",36712448,36712448,36712448,"[56623104, 56623104, 56623104, 56623104, 56623104, 56623104, 56623104]",56623104,56623104,56623104,"[36716544, 36716544, 36716544, 36716544, 36716544, 36716544, 36716544]",36716544,36716544,36716544,"[56623104, 56623104, 56623104, 56623104, 56623104, 56623104, 56623104]",56623104,56623104,56623104,"[4096, 4096, 4096, 4096, 4096, 4096, 4096]",4096,4096,4096,"[0.0014771809801459312, 0.0014804452657699585, 0.0014398694038391113, 0.0014717895537614822, 0.0014262693002820015, 0.001602301374077797, 0.0016821082681417465]",0.0014771809801459312,0.0014262693002820015,0.0016821082681417465
13,2048,1536,native_full,3812480,3812480,"[37367808, 37367808, 37367808, 37367808, 37367808, 37367808, 37367808]",37367808,37367808,37367808,"[56623104, 56623104, 56623104, 56623104, 56623104, 56623104, 56623104]",56623104,56623104,56623104,"[37394944, 37394944, 37394944, 37394944, 37394944, 37394944, 37394944]",37394944,37394944,37394944,"[56623104, 56623104, 56623104, 56623104, 56623104, 56623104, 56623104]",56623104,56623104,56623104,"[27136, 27136, 27136, 27136, 27136, 27136, 27136]",27136,27136,27136,"[0.0015058694407343864, 0.001498461700975895, 0.0015226854011416435, 0.0014722058549523354, 0.0014483490958809853, 0.0016681253910064697, 0.0017362693324685097]",0.0015058694407343864,0.0014483490958809853,0.0017362693324685097
14,2048,1536,recency,3812480,3812480,"[37367808, 37367808, 37367808, 37367808, 37367808, 37367808, 37367808]",37367808,37367808,37367808,"[58720256, 58720256, 58720256, 58720256, 58720256, 58720256, 58720256]",58720256,58720256,58720256,"[37536768, 37536768, 37536768, 37536768, 37536768, 37536768, 37536768]",37536768,37536768,37536768,"[58720256, 58720256, 58720256, 58720256, 58720256, 58720256, 58720256]",58720256,58720256,58720256,"[168960, 168960, 168960, 168960, 168960, 168960, 168960]",168960,168960,168960,"[0.0014950856566429138, 0.0014916136860847473, 0.0014537572860717773, 0.0015311334282159805, 0.0014627166092395782, 0.00165542121976614, 0.0017207171767950058]",0.0014950856566429138,0.0014537572860717773,0.0017207171767950058
15,2048,1536,uniform,3812480,3812480,"[37367808, 37367808, 37367808, 37367808, 37367808, 37367808, 37367808]",37367808,37367808,37367808,"[58720256, 58720256, 58720256, 58720256, 58720256, 58720256, 58720256]",58720256,58720256,58720256,"[37536768, 37536768, 37536768, 37536768, 37536768, 37536768, 37536768]",37536768,37536768,37536768,"[58720256, 58720256, 58720256, 58720256, 58720256, 58720256, 58720256]",58720256,58720256,58720256,"[168960, 168960, 168960, 168960, 168960, 168960, 168960]",168960,168960,168960,"[0.00151022057980299, 0.001471053808927536, 0.0015023015439510345, 0.0014903666451573372, 0.001456654630601406, 0.00164844561368227, 0.0017268462106585503]",0.0015023015439510345,0.001456654630601406,0.0017268462106585503
16,2048,1536,s17_p2,3921309,3921309,"[37480448, 37480448, 37480448, 37480448, 37480448, 37480448, 37480448]",37480448,37480448,37480448,"[58720256, 58720256, 58720256, 58720256, 58720256, 58720256, 58720256]",58720256,58720256,58720256,"[37912064, 37912064, 37912064, 37912064, 37912064, 37912064, 37912064]",37912064,37912064,37912064,"[58720256, 58720256, 58720256, 58720256, 58720256, 58720256, 58720256]",58720256,58720256,58720256,"[431616, 431616, 431616, 431616, 431616, 431616, 431616]",431616,431616,431616,"[0.0046351756900548935, 0.004551416262984276, 0.004582454450428486, 0.0045074475929141045, 0.004468425177037716, 0.004811175167560577, 0.004925640299916267]",0.004582454450428486,0.004468425177037716,0.004925640299916267
17,2048,1536,s17_p3,3924147,3924147,"[37483008, 37483008, 37483008, 37483008, 37483008, 37483008, 37483008]",37483008,37483008,37483008,"[58720256, 58720256, 58720256, 58720256, 58720256, 58720256, 58720256]",58720256,58720256,58720256,"[37914624, 37914624, 37914624, 37914624, 37914624, 37914624, 37914624]",37914624,37914624,37914624,"[58720256, 58720256, 58720256, 58720256, 58720256, 58720256, 58720256]",58720256,58720256,58720256,"[431616, 431616, 431616, 431616, 431616, 431616, 431616]",431616,431616,431616,"[0.004017031751573086, 0.004008888266980648, 0.004015160724520683, 0.003996697254478931, 0.0038937367498874664, 0.004215560853481293, 0.004271112382411957]",0.004015160724520683,0.0038937367498874664,0.004271112382411957
18,2048,1536,s17_coarsened_p2,3921309,3921309,"[37480448, 37480448, 37480448, 37480448, 37480448, 37480448, 37480448]",37480448,37480448,37480448,"[58720256, 58720256, 58720256, 58720256, 58720256, 58720256, 58720256]",58720256,58720256,58720256,"[37912064, 37912064, 37912064, 37912064, 37912064, 37912064, 37912064]",37912064,37912064,37912064,"[58720256, 58720256, 58720256, 58720256, 58720256, 58720256, 58720256]",58720256,58720256,58720256,"[431616, 431616, 431616, 431616, 431616, 431616, 431616]",431616,431616,431616,"[0.004635063000023365, 0.004576198756694794, 0.004569320008158684, 0.004609032534062862, 0.004551512189209461, 0.0048330798745155334, 0.004855528473854065]",0.004609032534062862,0.004551512189209461,0.004855528473854065
19,2048,1536,s29_p2,3921309,3921309,"[37480448, 37480448, 37480448, 37480448, 37480448, 37480448, 37480448]",37480448,37480448,37480448,"[58720256, 58720256, 58720256, 58720256, 58720256, 58720256, 58720256]",58720256,58720256,58720256,"[37912064, 37912064, 37912064, 37912064, 37912064, 37912064, 37912064]",37912064,37912064,37912064,"[58720256, 58720256, 58720256, 58720256, 58720256, 58720256, 58720256]",58720256,58720256,58720256,"[431616, 431616, 431616, 431616, 431616, 431616, 431616]",431616,431616,431616,"[0.004602055065333843, 0.004605990834534168, 0.004569992423057556, 0.004641207866370678, 0.005772054195404053, 0.004802951589226723, 0.004893399775028229]",0.004641207866370678,0.004569992423057556,0.005772054195404053
20,2048,1536,s29_p3,3924147,3924147,"[37483008, 37483008, 37483008, 37483008, 37483008, 37483008, 37483008]",37483008,37483008,37483008,"[58720256, 58720256, 58720256, 58720256, 58720256, 58720256, 58720256]",58720256,58720256,58720256,"[37914624, 37914624, 37914624, 37914624, 37914624, 37914624, 37914624]",37914624,37914624,37914624,"[58720256, 58720256, 58720256, 58720256, 58720256, 58720256, 58720256]",58720256,58720256,58720256,"[431616, 431616, 431616, 431616, 431616, 431616, 431616]",431616,431616,431616,"[0.003971433266997337, 0.003961881622672081, 0.003972616977989674, 0.0039503611624240875, 0.003903689794242382, 0.0042336564511060715, 0.004303193651139736]",0.003971433266997337,0.003903689794242382,0.004303193651139736
21,2048,1536,s29_coarsened_p2,3921309,3921309,"[37480448, 37480448, 37480448, 37480448, 37480448, 37480448, 37480448]",37480448,37480448,37480448,"[58720256, 58720256, 58720256, 58720256, 58720256, 58720256, 58720256]",58720256,58720256,58720256,"[37912064, 37912064, 37912064, 37912064, 37912064, 37912064, 37912064]",37912064,37912064,37912064,"[58720256, 58720256, 58720256, 58720256, 58720256, 58720256, 58720256]",58720256,58720256,58720256,"[431616, 431616, 431616, 431616, 431616, 431616, 431616]",431616,431616,431616,"[0.004580263048410416, 0.004550006240606308, 0.004583591595292091, 0.004671366885304451, 0.004477320238947868, 0.004783623851835728, 0.004912455566227436]",0.004583591595292091,0.004477320238947868,0.004912455566227436
22,2048,1536,s43_p2,3921309,3921309,"[37480448, 37480448, 37480448, 37480448, 37480448, 37480448, 37480448]",37480448,37480448,37480448,"[58720256, 58720256, 58720256, 58720256, 58720256, 58720256, 58720256]",58720256,58720256,58720256,"[37912064, 37912064, 37912064, 37912064, 37912064, 37912064, 37912064]",37912064,37912064,37912064,"[58720256, 58720256, 58720256, 58720256, 58720256, 58720256, 58720256]",58720256,58720256,58720256,"[431616, 431616, 431616, 431616, 431616, 431616, 431616]",431616,431616,431616,"[0.004551384598016739, 0.004550102166831493, 0.0045873671770095825, 0.0045636724680662155, 0.004562343470752239, 0.0048345038667321205, 0.004865591414272785]",0.0045636724680662155,0.004550102166831493,0.004865591414272785
23,2048,1536,s43_p3,3924147,3924147,"[37483008, 37483008, 37483008, 37483008, 37483008, 37483008, 37483008]",37483008,37483008,37483008,"[58720256, 58720256, 58720256, 58720256, 58720256, 58720256, 58720256]",58720256,58720256,58720256,"[37914624, 37914624, 37914624, 37914624, 37914624, 37914624, 37914624]",37914624,37914624,37914624,"[58720256, 58720256, 58720256, 58720256, 58720256, 58720256, 58720256]",58720256,58720256,58720256,"[431616, 431616, 431616, 431616, 431616, 431616, 431616]",431616,431616,431616,"[0.004020935855805874, 0.003942472860217094, 0.003985193558037281, 0.004003001376986504, 0.00391133688390255, 0.004236697219312191, 0.004278119653463364]",0.004003001376986504,0.00391133688390255,0.004278119653463364
24,2048,1536,s43_coarsened_p2,3921309,3921309,"[37480448, 37480448, 37480448, 37480448, 37480448, 37480448, 37480448]",37480448,37480448,37480448,"[58720256, 58720256, 58720256, 58720256, 58720256, 58720256, 58720256]",58720256,58720256,58720256,"[37912064, 37912064, 37912064, 37912064, 37912064, 37912064, 37912064]",37912064,37912064,37912064,"[58720256, 58720256, 58720256, 58720256, 58720256, 58720256, 58720256]",58720256,58720256,58720256,"[431616, 431616, 431616, 431616, 431616, 431616, 431616]",431616,431616,431616,"[0.004578454419970512, 0.0045641520991921425, 0.004569767974317074, 0.004572631791234016, 0.004565959796309471, 0.0048719123005867004, 0.004881415516138077]",0.004572631791234016,0.0045641520991921425,0.004881415516138077
25,2048,1536,recency_view,3812480,3812480,"[37367808, 37367808, 37367808, 37367808, 37367808, 37367808, 37367808]",37367808,37367808,37367808,"[56623104, 56623104, 56623104, 56623104, 56623104, 56623104, 56623104]",56623104,56623104,56623104,"[37371904, 37371904, 37371904, 37371904, 37371904, 37371904, 37371904]",37371904,37371904,37371904,"[56623104, 56623104, 56623104, 56623104, 56623104, 56623104, 56623104]",56623104,56623104,56623104,"[4096, 4096, 4096, 4096, 4096, 4096, 4096]",4096,4096,4096,"[0.001493389718234539, 0.0015238206833600998, 0.0015184441581368446, 0.001527230255305767, 0.001461004838347435, 0.0016738688573241234, 0.001726524904370308]",0.0015238206833600998,0.001461004838347435,0.001726524904370308
26,2048,2048,native_full,4467840,4467840,"[38023168, 38023168, 38023168, 38023168, 38023168, 38023168, 38023168]",38023168,38023168,38023168,"[56623104, 56623104, 56623104, 56623104, 56623104, 56623104, 56623104]",56623104,56623104,56623104,"[38057984, 38057984, 38057984, 38057984, 38057984, 38057984, 38057984]",38057984,38057984,38057984,"[56623104, 56623104, 56623104, 56623104, 56623104, 56623104, 56623104]",56623104,56623104,56623104,"[34816, 34816, 34816, 34816, 34816, 34816, 34816]",34816,34816,34816,"[0.0014155972748994827, 0.0014300448819994926, 0.0014246534556150436, 0.0014331182464957237, 0.0014452924951910973, 0.0015388764441013336, 0.0016677416861057281]",0.0014331182464957237,0.0014155972748994827,0.0016677416861057281
27,2048,2048,recency,4467840,4467840,"[38023168, 38023168, 38023168, 38023168, 38023168, 38023168, 38023168]",38023168,38023168,38023168,"[56623104, 56623104, 56623104, 56623104, 56623104, 56623104, 56623104]",56623104,56623104,56623104,"[38192128, 38192128, 38192128, 38192128, 38192128, 38192128, 38192128]",38192128,38192128,38192128,"[56623104, 56623104, 56623104, 56623104, 56623104, 56623104, 56623104]",56623104,56623104,56623104,"[168960, 168960, 168960, 168960, 168960, 168960, 168960]",168960,168960,168960,"[0.0014048302546143532, 0.001380925066769123, 0.001413293182849884, 0.0014355015009641647, 0.0013738218694925308, 0.0016155652701854706, 0.0016203327104449272]",0.001413293182849884,0.0013738218694925308,0.0016203327104449272
28,2048,2048,uniform,4467840,4467840,"[38023168, 38023168, 38023168, 38023168, 38023168, 38023168, 38023168]",38023168,38023168,38023168,"[56623104, 56623104, 56623104, 56623104, 56623104, 56623104, 56623104]",56623104,56623104,56623104,"[38192128, 38192128, 38192128, 38192128, 38192128, 38192128, 38192128]",38192128,38192128,38192128,"[56623104, 56623104, 56623104, 56623104, 56623104, 56623104, 56623104]",56623104,56623104,56623104,"[168960, 168960, 168960, 168960, 168960, 168960, 168960]",168960,168960,168960,"[0.0014325734227895737, 0.0014190049842000008, 0.0014386530965566635, 0.0014248928055167198, 0.0013964613899588585, 0.0016195010393857956, 0.0016238540410995483]",0.0014325734227895737,0.0013964613899588585,0.0016238540410995483
29,2048,2048,s17_p2,4584349,4584349,"[38143488, 38143488, 38143488, 38143488, 38143488, 38143488, 38143488]",38143488,38143488,38143488,"[56623104, 56623104, 56623104, 56623104, 56623104, 56623104, 56623104]",56623104,56623104,56623104,"[38718464, 38718464, 38718464, 38718464, 38718464, 38718464, 38718464]",38718464,38718464,38718464,"[56623104, 56623104, 56623104, 56623104, 56623104, 56623104, 56623104]",56623104,56623104,56623104,"[574976, 574976, 574976, 574976, 574976, 574976, 574976]",574976,574976,574976,"[0.0056040529161691666, 0.004474840126931667, 0.004463927820324898, 0.004396839998662472, 0.004340839572250843, 0.004716935567557812, 0.004719400778412819]",0.004474840126931667,0.004340839572250843,0.0056040529161691666
30,2048,2048,s17_p3,4587187,4587187,"[38146048, 38146048, 38146048, 38146048, 38146048, 38146048, 38146048]",38146048,38146048,38146048,"[56623104, 56623104, 56623104, 56623104, 56623104, 56623104, 56623104]",56623104,56623104,56623104,"[38721024, 38721024, 38721024, 38721024, 38721024, 38721024, 38721024]",38721024,38721024,38721024,"[56623104, 56623104, 56623104, 56623104, 56623104, 56623104, 56623104]",56623104,56623104,56623104,"[574976, 574976, 574976, 574976, 574976, 574976, 574976]",574976,574976,574976,"[0.0039050476625561714, 0.0038385363295674324, 0.003829929046332836, 0.0038586007431149483, 0.0038362331688404083, 0.004090392962098122, 0.004104233346879482]",0.0038586007431149483,0.003829929046332836,0.004104233346879482
31,2048,2048,s17_coarsened_p2,4584349,4584349,"[38143488, 38143488, 38143488, 38143488, 38143488, 38143488, 38143488]",38143488,38143488,38143488,"[56623104, 56623104, 56623104, 56623104, 56623104, 56623104, 56623104]",56623104,56623104,56623104,"[38718464, 38718464, 38718464, 38718464, 38718464, 38718464, 38718464]",38718464,38718464,38718464,"[56623104, 56623104, 56623104, 56623104, 56623104, 56623104, 56623104]",56623104,56623104,56623104,"[574976, 574976, 574976, 574976, 574976, 574976, 574976]",574976,574976,574976,"[0.004444936290383339, 0.0044611115008592606, 0.004426184110343456, 0.004421447403728962, 0.0043450649827718735, 0.004627751186490059, 0.0047572096809744835]",0.004444936290383339,0.0043450649827718735,0.0047572096809744835
32,2048,2048,s29_p2,4584349,4584349,"[38143488, 38143488, 38143488, 38143488, 38143488, 38143488, 38143488]",38143488,38143488,38143488,"[56623104, 56623104, 56623104, 56623104, 56623104, 56623104, 56623104]",56623104,56623104,56623104,"[38718464, 38718464, 38718464, 38718464, 38718464, 38718464, 38718464]",38718464,38718464,38718464,"[56623104, 56623104, 56623104, 56623104, 56623104, 56623104, 56623104]",56623104,56623104,56623104,"[574976, 574976, 574976, 574976, 574976, 574976, 574976]",574976,574976,574976,"[0.004496807232499123, 0.004441383294761181, 0.004431064240634441, 0.004434648901224136, 0.004332553595304489, 0.0046725524589419365, 0.0047276560217142105]",0.004441383294761181,0.004332553595304489,0.0047276560217142105
33,2048,2048,s29_p3,4587187,4587187,"[38146048, 38146048, 38146048, 38146048, 38146048, 38146048, 38146048]",38146048,38146048,38146048,"[56623104, 56623104, 56623104, 56623104, 56623104, 56623104, 56623104]",56623104,56623104,56623104,"[38721024, 38721024, 38721024, 38721024, 38721024, 38721024, 38721024]",38721024,38721024,38721024,"[56623104, 56623104, 56623104, 56623104, 56623104, 56623104, 56623104]",56623104,56623104,56623104,"[574976, 574976, 574976, 574976, 574976, 574976, 574976]",574976,574976,574976,"[0.0038726655766367912, 0.0038790814578533173, 0.003844744525849819, 0.003898296505212784, 0.0037662340328097343, 0.004065017215907574, 0.004130617715418339]",0.0038790814578533173,0.0037662340328097343,0.004130617715418339
34,2048,2048,s29_coarsened_p2,4584349,4584349,"[38143488, 38143488, 38143488, 38143488, 38143488, 38143488, 38143488]",38143488,38143488,38143488,"[56623104, 56623104, 56623104, 56623104, 56623104, 56623104, 56623104]",56623104,56623104,56623104,"[38718464, 38718464, 38718464, 38718464, 38718464, 38718464, 38718464]",38718464,38718464,38718464,"[56623104, 56623104, 56623104, 56623104, 56623104, 56623104, 56623104]",56623104,56623104,56623104,"[574976, 574976, 574976, 574976, 574976, 574976, 574976]",574976,574976,574976,"[0.004509478807449341, 0.004462535493075848, 0.00445887167006731, 0.00439984817057848, 0.0043543120846152306, 0.0046447282657027245, 0.0047067273408174515]",0.004462535493075848,0.0043543120846152306,0.0047067273408174515
35,2048,2048,s43_p2,4584349,4584349,"[38143488, 38143488, 38143488, 38143488, 38143488, 38143488, 38143488]",38143488,38143488,38143488,"[56623104, 56623104, 56623104, 56623104, 56623104, 56623104, 56623104]",56623104,56623104,56623104,"[38718464, 38718464, 38718464, 38718464, 38718464, 38718464, 38718464]",38718464,38718464,38718464,"[56623104, 56623104, 56623104, 56623104, 56623104, 56623104, 56623104]",56623104,56623104,56623104,"[574976, 574976, 574976, 574976, 574976, 574976, 574976]",574976,574976,574976,"[0.0044532883912324905, 0.00443610455840826, 0.004411607980728149, 0.004433255642652512, 0.004430743865668774, 0.004670632071793079, 0.004702120088040829]",0.00443610455840826,0.004411607980728149,0.004702120088040829
36,2048,2048,s43_p3,4587187,4587187,"[38146048, 38146048, 38146048, 38146048, 38146048, 38146048, 38146048]",38146048,38146048,38146048,"[56623104, 56623104, 56623104, 56623104, 56623104, 56623104, 56623104]",56623104,56623104,56623104,"[38721024, 38721024, 38721024, 38721024, 38721024, 38721024, 38721024]",38721024,38721024,38721024,"[56623104, 56623104, 56623104, 56623104, 56623104, 56623104, 56623104]",56623104,56623104,56623104,"[574976, 574976, 574976, 574976, 574976, 574976, 574976]",574976,574976,574976,"[0.003868328407406807, 0.0038295928388834, 0.0038353055715560913, 0.004159800708293915, 0.0037736091762781143, 0.004047753289341927, 0.004129976965487003]",0.003868328407406807,0.0037736091762781143,0.004159800708293915
37,2048,2048,s43_coarsened_p2,4584349,4584349,"[38143488, 38143488, 38143488, 38143488, 38143488, 38143488, 38143488]",38143488,38143488,38143488,"[56623104, 56623104, 56623104, 56623104, 56623104, 56623104, 56623104]",56623104,56623104,56623104,"[38718464, 38718464, 38718464, 38718464, 38718464, 38718464, 38718464]",38718464,38718464,38718464,"[56623104, 56623104, 56623104, 56623104, 56623104, 56623104, 56623104]",56623104,56623104,56623104,"[574976, 574976, 574976, 574976, 574976, 574976, 574976]",574976,574976,574976,"[0.005567412823438644, 0.004471495747566223, 0.004435240291059017, 0.0044731758534908295, 0.004349575378000736, 0.004645032808184624, 0.004714984446763992]",0.0044731758534908295,0.004349575378000736,0.005567412823438644
38,2048,2048,recency_view,4467840,4467840,"[38023168, 38023168, 38023168, 38023168, 38023168, 38023168, 38023168]",38023168,38023168,38023168,"[56623104, 56623104, 56623104, 56623104, 56623104, 56623104, 56623104]",56623104,56623104,56623104,"[38027264, 38027264, 38027264, 38027264, 38027264, 38027264, 38027264]",38027264,38027264,38027264,"[56623104, 56623104, 56623104, 56623104, 56623104, 56623104, 56623104]",56623104,56623104,56623104,"[4096, 4096, 4096, 4096, 4096, 4096, 4096]",4096,4096,4096,"[0.0014429409056901932, 0.0014081411063671112, 0.0014562690630555153, 0.0014347806572914124, 0.0014224937185645103, 0.0015990855172276497, 0.0016105892136693]",0.0014429409056901932,0.0014081411063671112,0.0016105892136693
39,4096,2048,native_full,4467840,4467840,"[38023168, 38023168, 38023168, 38023168, 38023168, 38023168, 38023168]",38023168,38023168,38023168,"[56623104, 56623104, 56623104, 56623104, 56623104, 56623104, 56623104]",56623104,56623104,56623104,"[38057984, 38057984, 38057984, 38057984, 38057984, 38057984, 38057984]",38057984,38057984,38057984,"[56623104, 56623104, 56623104, 56623104, 56623104, 56623104, 56623104]",56623104,56623104,56623104,"[34816, 34816, 34816, 34816, 34816, 34816, 34816]",34816,34816,34816,"[0.001553005538880825, 0.0016008289530873299, 0.001596124842762947, 0.001560908742249012, 0.0016366690397262573, 0.0017551165074110031, 0.0017751483246684074]",0.0016008289530873299,0.001553005538880825,0.0017751483246684074
40,4096,2048,recency,4467840,4467840,"[38023168, 38023168, 38023168, 38023168, 38023168, 38023168, 38023168]",38023168,38023168,38023168,"[56623104, 56623104, 56623104, 56623104, 56623104, 56623104, 56623104]",56623104,56623104,56623104,"[38192128, 38192128, 38192128, 38192128, 38192128, 38192128, 38192128]",38192128,38192128,38192128,"[56623104, 56623104, 56623104, 56623104, 56623104, 56623104, 56623104]",56623104,56623104,56623104,"[168960, 168960, 168960, 168960, 168960, 168960, 168960]",168960,168960,168960,"[0.0016023647040128708, 0.0016102045774459839, 0.001639421097934246, 0.0015494860708713531, 0.001742812804877758, 0.0017871810123324394, 0.0018087169155478477]",0.001639421097934246,0.0015494860708713531,0.0018087169155478477
41,4096,2048,uniform,4467840,4467840,"[38023168, 38023168, 38023168, 38023168, 38023168, 38023168, 38023168]",38023168,38023168,38023168,"[56623104, 56623104, 56623104, 56623104, 56623104, 56623104, 56623104]",56623104,56623104,56623104,"[38192128, 38192128, 38192128, 38192128, 38192128, 38192128, 38192128]",38192128,38192128,38192128,"[56623104, 56623104, 56623104, 56623104, 56623104, 56623104, 56623104]",56623104,56623104,56623104,"[168960, 168960, 168960, 168960, 168960, 168960, 168960]",168960,168960,168960,"[0.0016019642353057861, 0.0015508774667978287, 0.0016038529574871063, 0.0015668291598558426, 0.0015412289649248123, 0.0017631156370043755, 0.0017890846356749535]",0.0016019642353057861,0.0015412289649248123,0.0017890846356749535
42,4096,2048,s17_p2,4584349,4584349,"[38143488, 38143488, 38143488, 38143488, 38143488, 38143488, 38143488]",38143488,38143488,38143488,"[56623104, 56623104, 56623104, 56623104, 56623104, 56623104, 56623104]",56623104,56623104,56623104,"[38718464, 38718464, 38718464, 38718464, 38718464, 38718464, 38718464]",38718464,38718464,38718464,"[56623104, 56623104, 56623104, 56623104, 56623104, 56623104, 56623104]",56623104,56623104,56623104,"[574976, 574976, 574976, 574976, 574976, 574976, 574976]",574976,574976,574976,"[0.004690486937761307, 0.004658888094127178, 0.004673543386161327, 0.004618056118488312, 0.00455695204436779, 0.004928118549287319, 0.004974888637661934]",0.004673543386161327,0.00455695204436779,0.004974888637661934
43,4096,2048,s17_p3,4587187,4587187,"[38146048, 38146048, 38146048, 38146048, 38146048, 38146048, 38146048]",38146048,38146048,38146048,"[56623104, 56623104, 56623104, 56623104, 56623104, 56623104, 56623104]",56623104,56623104,56623104,"[38721024, 38721024, 38721024, 38721024, 38721024, 38721024, 38721024]",38721024,38721024,38721024,"[56623104, 56623104, 56623104, 56623104, 56623104, 56623104, 56623104]",56623104,56623104,56623104,"[574976, 574976, 574976, 574976, 574976, 574976, 574976]",574976,574976,574976,"[0.21174967475235462, 0.004062040708959103, 0.004071065224707127, 0.004068839363753796, 0.004129880107939243, 0.004389752633869648, 0.004383000545203686]",0.004129880107939243,0.004062040708959103,0.21174967475235462
44,4096,2048,s17_coarsened_p2,4584349,4584349,"[38143488, 38143488, 38143488, 38143488, 38143488, 38143488, 38143488]",38143488,38143488,38143488,"[56623104, 56623104, 56623104, 56623104, 56623104, 56623104, 56623104]",56623104,56623104,56623104,"[38718464, 38718464, 38718464, 38718464, 38718464, 38718464, 38718464]",38718464,38718464,38718464,"[56623104, 56623104, 56623104, 56623104, 56623104, 56623104, 56623104]",56623104,56623104,56623104,"[574976, 574976, 574976, 574976, 574976, 574976, 574976]",574976,574976,574976,"[0.004695110954344273, 0.004679703153669834, 0.004658566787838936, 0.004669288173317909, 0.004653879441320896, 0.004919127561151981, 0.004995335824787617]",0.004679703153669834,0.004653879441320896,0.004995335824787617
45,4096,2048,s29_p2,4584349,4584349,"[38143488, 38143488, 38143488, 38143488, 38143488, 38143488, 38143488]",38143488,38143488,38143488,"[56623104, 56623104, 56623104, 56623104, 56623104, 56623104, 56623104]",56623104,56623104,56623104,"[38718464, 38718464, 38718464, 38718464, 38718464, 38718464, 38718464]",38718464,38718464,38718464,"[56623104, 56623104, 56623104, 56623104, 56623104, 56623104, 56623104]",56623104,56623104,56623104,"[574976, 574976, 574976, 574976, 574976, 574976, 574976]",574976,574976,574976,"[0.004708743654191494, 0.004703735001385212, 0.004670679569244385, 0.004677975550293922, 0.004702792502939701, 0.0049174632877111435, 0.004957416094839573]",0.004703735001385212,0.004670679569244385,0.004957416094839573
46,4096,2048,s29_p3,4587187,4587187,"[38146048, 38146048, 38146048, 38146048, 38146048, 38146048, 38146048]",38146048,38146048,38146048,"[56623104, 56623104, 56623104, 56623104, 56623104, 56623104, 56623104]",56623104,56623104,56623104,"[38721024, 38721024, 38721024, 38721024, 38721024, 38721024, 38721024]",38721024,38721024,38721024,"[56623104, 56623104, 56623104, 56623104, 56623104, 56623104, 56623104]",56623104,56623104,56623104,"[574976, 574976, 574976, 574976, 574976, 574976, 574976]",574976,574976,574976,"[0.003996823914349079, 0.004069367423653603, 0.004059065133333206, 0.004020696505904198, 0.003971816971898079, 0.00430141668766737, 0.004364681430160999]",0.004059065133333206,0.003971816971898079,0.004364681430160999
47,4096,2048,s29_coarsened_p2,4584349,4584349,"[38143488, 38143488, 38143488, 38143488, 38143488, 38143488, 38143488]",38143488,38143488,38143488,"[56623104, 56623104, 56623104, 56623104, 56623104, 56623104, 56623104]",56623104,56623104,56623104,"[38718464, 38718464, 38718464, 38718464, 38718464, 38718464, 38718464]",38718464,38718464,38718464,"[56623104, 56623104, 56623104, 56623104, 56623104, 56623104, 56623104]",56623104,56623104,56623104,"[574976, 574976, 574976, 574976, 574976, 574976, 574976]",574976,574976,574976,"[0.00469583086669445, 0.004672694951295853, 0.0046660080552101135, 0.004666727967560291, 0.004562343470752239, 0.008498866111040115, 0.004964104853570461]",0.004672694951295853,0.004562343470752239,0.008498866111040115
48,4096,2048,s43_p2,4584349,4584349,"[38143488, 38143488, 38143488, 38143488, 38143488, 38143488, 38143488]",38143488,38143488,38143488,"[56623104, 56623104, 56623104, 56623104, 56623104, 56623104, 56623104]",56623104,56623104,56623104,"[38718464, 38718464, 38718464, 38718464, 38718464, 38718464, 38718464]",38718464,38718464,38718464,"[56623104, 56623104, 56623104, 56623104, 56623104, 56623104, 56623104]",56623104,56623104,56623104,"[574976, 574976, 574976, 574976, 574976, 574976, 574976]",574976,574976,574976,"[0.004652311094105244, 0.004663272760808468, 0.0048374636098742485, 0.0046636080369353294, 0.004649896174669266, 0.0048936884850263596, 0.004976456053555012]",0.0046636080369353294,0.004649896174669266,0.004976456053555012
49,4096,2048,s43_p3,4587187,4587187,"[38146048, 38146048, 38146048, 38146048, 38146048, 38146048, 38146048]",38146048,38146048,38146048,"[56623104, 56623104, 56623104, 56623104, 56623104, 56623104, 56623104]",56623104,56623104,56623104,"[38721024, 38721024, 38721024, 38721024, 38721024, 38721024, 38721024]",38721024,38721024,38721024,"[56623104, 56623104, 56623104, 56623104, 56623104, 56623104, 56623104]",56623104,56623104,56623104,"[574976, 574976, 574976, 574976, 574976, 574976, 574976]",574976,574976,574976,"[0.004122343845665455, 0.004091671667993069, 0.004090840928256512, 0.00404517725110054, 0.003992456942796707, 0.004357528872787952, 0.004354184493422508]",0.004091671667993069,0.003992456942796707,0.004357528872787952
50,4096,2048,s43_coarsened_p2,4584349,4584349,"[38143488, 38143488, 38143488, 38143488, 38143488, 38143488, 38143488]",38143488,38143488,38143488,"[56623104, 56623104, 56623104, 56623104, 56623104, 56623104, 56623104]",56623104,56623104,56623104,"[38718464, 38718464, 38718464, 38718464, 38718464, 38718464, 38718464]",38718464,38718464,38718464,"[56623104, 56623104, 56623104, 56623104, 56623104, 56623104, 56623104]",56623104,56623104,56623104,"[574976, 574976, 574976, 574976, 574976, 574976, 574976]",574976,574976,574976,"[0.004764791578054428, 0.0046549346297979355, 0.004660184495151043, 0.004651191644370556, 0.004563448019325733, 0.004910887219011784, 0.00508277490735054]",0.004660184495151043,0.004563448019325733,0.00508277490735054
51,4096,2048,recency_view,4467840,4467840,"[38023168, 38023168, 38023168, 38023168, 38023168, 38023168, 38023168]",38023168,38023168,38023168,"[56623104, 56623104, 56623104, 56623104, 56623104, 56623104, 56623104]",56623104,56623104,56623104,"[38027264, 38027264, 38027264, 38027264, 38027264, 38027264, 38027264]",38027264,38027264,38027264,"[56623104, 56623104, 56623104, 56623104, 56623104, 56623104, 56623104]",56623104,56623104,56623104,"[4096, 4096, 4096, 4096, 4096, 4096, 4096]",4096,4096,4096,"[0.0015931008383631706, 0.0016034524887800217, 0.0017064288258552551, 0.0016122842207551003, 0.0015309732407331467, 0.0017548128962516785, 0.0018055643886327744]",0.0016122842207551003,0.0015309732407331467,0.0018055643886327744
52,4096,3072,native_full,5778560,5778560,"[39333888, 39333888, 39333888, 39333888, 39333888, 39333888, 39333888]",39333888,39333888,39333888,"[56623104, 56623104, 56623104, 56623104, 56623104, 56623104, 56623104]",56623104,56623104,56623104,"[39384576, 39384576, 39384576, 39384576, 39384576, 39384576, 39384576]",39384576,39384576,39384576,"[56623104, 56623104, 56623104, 56623104, 56623104, 56623104, 56623104]",56623104,56623104,56623104,"[50688, 50688, 50688, 50688, 50688, 50688, 50688]",50688,50688,50688,"[0.0016954047605395317, 0.0016482528299093246, 0.001694205217063427, 0.0016627805307507515, 0.0016427328810095787, 0.0018525086343288422, 0.001894908957183361]",0.001694205217063427,0.0016427328810095787,0.001894908957183361
53,4096,3072,recency,5778560,5778560,"[39333888, 39333888, 39333888, 39333888, 39333888, 39333888, 39333888]",39333888,39333888,39333888,"[56623104, 56623104, 56623104, 56623104, 56623104, 56623104, 56623104]",56623104,56623104,56623104,"[39502848, 39502848, 39502848, 39502848, 39502848, 39502848, 39502848]",39502848,39502848,39502848,"[56623104, 56623104, 56623104, 56623104, 56623104, 56623104, 56623104]",56623104,56623104,56623104,"[168960, 168960, 168960, 168960, 168960, 168960, 168960]",168960,168960,168960,"[0.0016932766884565353, 0.0016876757144927979, 0.0016689570620656013, 0.0016461089253425598, 0.0016381246969103813, 0.0018444927409291267, 0.0019125249236822128]",0.0016876757144927979,0.0016381246969103813,0.0019125249236822128
54,4096,3072,uniform,5778560,5778560,"[39333888, 39333888, 39333888, 39333888, 39333888, 39333888, 39333888]",39333888,39333888,39333888,"[56623104, 56623104, 56623104, 56623104, 56623104, 56623104, 56623104]",56623104,56623104,56623104,"[39502848, 39502848, 39502848, 39502848, 39502848, 39502848, 39502848]",39502848,39502848,39502848,"[56623104, 56623104, 56623104, 56623104, 56623104, 56623104, 56623104]",56623104,56623104,56623104,"[168960, 168960, 168960, 168960, 168960, 168960, 168960]",168960,168960,168960,"[0.0016526691615581512, 0.0018351487815380096, 0.0016926368698477745, 0.0016441084444522858, 0.0016402695327997208, 0.001843692734837532, 0.0019297730177640915]",0.0016926368698477745,0.0016402695327997208,0.0019297730177640915
55,4096,3072,s17_p2,5910429,5910429,"[39469568, 39469568, 39469568, 39469568, 39469568, 39469568, 39469568]",39469568,39469568,39469568,"[56623104, 56623104, 56623104, 56623104, 56623104, 56623104, 56623104]",56623104,56623104,56623104,"[40331264, 40331264, 40331264, 40331264, 40331264, 40331264, 40331264]",40331264,40331264,40331264,"[56623104, 56623104, 56623104, 56623104, 56623104, 56623104, 56623104]",56623104,56623104,56623104,"[861696, 861696, 861696, 861696, 861696, 861696, 861696]",861696,861696,861696,"[0.0048164548352360725, 0.004767190665006638, 0.004793783649802208, 0.004708839580416679, 0.004582648165524006, 0.004948071204125881, 0.00499624852091074]",0.004793783649802208,0.004582648165524006,0.00499624852091074
56,4096,3072,s17_p3,5913267,5913267,"[39472128, 39472128, 39472128, 39472128, 39472128, 39472128, 39472128]",39472128,39472128,39472128,"[56623104, 56623104, 56623104, 56623104, 56623104, 56623104, 56623104]",56623104,56623104,56623104,"[40333824, 40333824, 40333824, 40333824, 40333824, 40333824, 40333824]",40333824,40333824,40333824,"[56623104, 56623104, 56623104, 56623104, 56623104, 56623104, 56623104]",56623104,56623104,56623104,"[861696, 861696, 861696, 861696, 861696, 861696, 861696]",861696,861696,861696,"[0.004196503199636936, 0.004213143140077591, 0.004187528043985367, 0.0041347770020365715, 0.0040781693533062935, 0.004342825151979923, 0.004399479366838932]",0.004196503199636936,0.0040781693533062935,0.004399479366838932
57,4096,3072,s17_coarsened_p2,5910429,5910429,"[39469568, 39469568, 39469568, 39469568, 39469568, 39469568, 39469568]",39469568,39469568,39469568,"[56623104, 56623104, 56623104, 56623104, 56623104, 56623104, 56623104]",56623104,56623104,56623104,"[40331264, 40331264, 40331264, 40331264, 40331264, 40331264, 40331264]",40331264,40331264,40331264,"[56623104, 56623104, 56623104, 56623104, 56623104, 56623104, 56623104]",56623104,56623104,56623104,"[861696, 861696, 861696, 861696, 861696, 861696, 861696]",861696,861696,861696,"[0.0047279903665184975, 0.004768327809870243, 0.004763398319482803, 0.004730711691081524, 0.004802023060619831, 0.004910118877887726, 0.004973975941538811]",0.004768327809870243,0.0047279903665184975,0.004973975941538811
58,4096,3072,s29_p2,5910429,5910429,"[39469568, 39469568, 39469568, 39469568, 39469568, 39469568, 39469568]",39469568,39469568,39469568,"[56623104, 56623104, 56623104, 56623104, 56623104, 56623104, 56623104]",56623104,56623104,56623104,"[40331264, 40331264, 40331264, 40331264, 40331264, 40331264, 40331264]",40331264,40331264,40331264,"[56623104, 56623104, 56623104, 56623104, 56623104, 56623104, 56623104]",56623104,56623104,56623104,"[861696, 861696, 861696, 861696, 861696, 861696, 861696]",861696,861696,861696,"[0.0047284383326768875, 0.00481179915368557, 0.0047624073922634125, 0.004720727913081646, 0.004687768407166004, 0.0049249520525336266, 0.004979288205504417]",0.0047624073922634125,0.004687768407166004,0.004979288205504417
59,4096,3072,s29_p3,5913267,5913267,"[39472128, 39472128, 39472128, 39472128, 39472128, 39472128, 39472128]",39472128,39472128,39472128,"[56623104, 56623104, 56623104, 56623104, 56623104, 56623104, 56623104]",56623104,56623104,56623104,"[40333824, 40333824, 40333824, 40333824, 40333824, 40333824, 40333824]",40333824,40333824,40333824,"[56623104, 56623104, 56623104, 56623104, 56623104, 56623104, 56623104]",56623104,56623104,56623104,"[861696, 861696, 861696, 861696, 861696, 861696, 861696]",861696,861696,861696,"[0.00418216735124588, 0.004303751513361931, 0.004189911298453808, 0.004149848595261574, 0.004065928049385548, 0.004321065731346607, 0.004423065111041069]",0.004189911298453808,0.004065928049385548,0.004423065111041069
60,4096,3072,s29_coarsened_p2,5910429,5910429,"[39469568, 39469568, 39469568, 39469568, 39469568, 39469568, 39469568]",39469568,39469568,39469568,"[56623104, 56623104, 56623104, 56623104, 56623104, 56623104, 56623104]",56623104,56623104,56623104,"[40331264, 40331264, 40331264, 40331264, 40331264, 40331264, 40331264]",40331264,40331264,40331264,"[56623104, 56623104, 56623104, 56623104, 56623104, 56623104, 56623104]",56623104,56623104,56623104,"[861696, 861696, 861696, 861696, 861696, 861696, 861696]",861696,861696,861696,"[0.004778758622705936, 0.004758903756737709, 0.004737368784844875, 0.004729032516479492, 0.004567847587168217, 0.00492885522544384, 0.0050046807155013084]",0.004758903756737709,0.004567847587168217,0.0050046807155013084
61,4096,3072,s43_p2,5910429,5910429,"[39469568, 39469568, 39469568, 39469568, 39469568, 39469568, 39469568]",39469568,39469568,39469568,"[56623104, 56623104, 56623104, 56623104, 56623104, 56623104, 56623104]",56623104,56623104,56623104,"[40331264, 40331264, 40331264, 40331264, 40331264, 40331264, 40331264]",40331264,40331264,40331264,"[56623104, 56623104, 56623104, 56623104, 56623104, 56623104, 56623104]",56623104,56623104,56623104,"[861696, 861696, 861696, 861696, 861696, 861696, 861696]",861696,861696,861696,"[0.004739911295473576, 0.004854022525250912, 0.0047598471865057945, 0.004758376628160477, 0.004564999602735043, 0.004921223036944866, 0.005012759938836098]",0.0047598471865057945,0.004564999602735043,0.005012759938836098
62,4096,3072,s43_p3,5913267,5913267,"[39472128, 39472128, 39472128, 39472128, 39472128, 39472128, 39472128]",39472128,39472128,39472128,"[56623104, 56623104, 56623104, 56623104, 56623104, 56623104, 56623104]",56623104,56623104,56623104,"[40333824, 40333824, 40333824, 40333824, 40333824, 40333824, 40333824]",40333824,40333824,40333824,"[56623104, 56623104, 56623104, 56623104, 56623104, 56623104, 56623104]",56623104,56623104,56623104,"[861696, 861696, 861696, 861696, 861696, 861696, 861696]",861696,861696,861696,"[0.004562647081911564, 0.0041818320751190186, 0.004225240088999271, 0.004155624657869339, 0.004066856577992439, 0.004344295710325241, 0.004430808126926422]",0.004225240088999271,0.004066856577992439,0.004562647081911564
63,4096,3072,s43_coarsened_p2,5910429,5910429,"[39469568, 39469568, 39469568, 39469568, 39469568, 39469568, 39469568]",39469568,39469568,39469568,"[56623104, 56623104, 56623104, 56623104, 56623104, 56623104, 56623104]",56623104,56623104,56623104,"[40331264, 40331264, 40331264, 40331264, 40331264, 40331264, 40331264]",40331264,40331264,40331264,"[56623104, 56623104, 56623104, 56623104, 56623104, 56623104, 56623104]",56623104,56623104,56623104,"[861696, 861696, 861696, 861696, 861696, 861696, 861696]",861696,861696,861696,"[0.004722406156361103, 0.004743142984807491, 0.004772071726620197, 0.004742310382425785, 0.004663575440645218, 0.004917559213936329, 0.004997030831873417]",0.004743142984807491,0.004663575440645218,0.004997030831873417
64,4096,3072,recency_view,5778560,5778560,"[39333888, 39333888, 39333888, 39333888, 39333888, 39333888, 39333888]",39333888,39333888,39333888,"[56623104, 56623104, 56623104, 56623104, 56623104, 56623104, 56623104]",56623104,56623104,56623104,"[39337984, 39337984, 39337984, 39337984, 39337984, 39337984, 39337984]",39337984,39337984,39337984,"[56623104, 56623104, 56623104, 56623104, 56623104, 56623104, 56623104]",56623104,56623104,56623104,"[4096, 4096, 4096, 4096, 4096, 4096, 4096]",4096,4096,4096,"[0.0016710050404071808, 0.001683196984231472, 0.001663869246840477, 0.0016423817723989487, 0.0016438858583569527, 0.0018331333994865417, 0.0019211173057556152]",0.0016710050404071808,0.0016423817723989487,0.0019211173057556152
65,4096,4096,native_full,7089280,7089280,"[40644608, 40644608, 40644608, 40644608, 40644608, 40644608, 40644608]",40644608,40644608,40644608,"[56623104, 56623104, 56623104, 56623104, 56623104, 56623104, 56623104]",56623104,56623104,56623104,"[40710656, 40710656, 40710656, 40710656, 40710656, 40710656, 40710656]",40710656,40710656,40710656,"[56623104, 56623104, 56623104, 56623104, 56623104, 56623104, 56623104]",56623104,56623104,56623104,"[66048, 66048, 66048, 66048, 66048, 66048, 66048]",66048,66048,66048,"[0.0014756778255105019, 0.0014133090153336525, 0.0014436934143304825, 0.001456541009247303, 0.0014187972992658615, 0.0016179969534277916, 0.0016652774065732956]",0.001456541009247303,0.0014133090153336525,0.0016652774065732956
66,4096,4096,recency,7089280,7089280,"[40644608, 40644608, 40644608, 40644608, 40644608, 40644608, 40644608]",40644608,40644608,40644608,"[56623104, 56623104, 56623104, 56623104, 56623104, 56623104, 56623104]",56623104,56623104,56623104,"[40813568, 40813568, 40813568, 40813568, 40813568, 40813568, 40813568]",40813568,40813568,40813568,"[56623104, 56623104, 56623104, 56623104, 56623104, 56623104, 56623104]",56623104,56623104,56623104,"[168960, 168960, 168960, 168960, 168960, 168960, 168960]",168960,168960,168960,"[0.001451629213988781, 0.0014894846826791763, 0.0014647496864199638, 0.0014560623094439507, 0.001431196928024292, 0.001630973070859909, 0.0016335025429725647]",0.0014647496864199638,0.001431196928024292,0.0016335025429725647
67,4096,4096,uniform,7089280,7089280,"[40644608, 40644608, 40644608, 40644608, 40644608, 40644608, 40644608]",40644608,40644608,40644608,"[56623104, 56623104, 56623104, 56623104, 56623104, 56623104, 56623104]",56623104,56623104,56623104,"[40813568, 40813568, 40813568, 40813568, 40813568, 40813568, 40813568]",40813568,40813568,40813568,"[56623104, 56623104, 56623104, 56623104, 56623104, 56623104, 56623104]",56623104,56623104,56623104,"[168960, 168960, 168960, 168960, 168960, 168960, 168960]",168960,168960,168960,"[0.0014149732887744904, 0.0014377739280462265, 0.0014373091980814934, 0.0014574378728866577, 0.001434221863746643, 0.0017076777294278145, 0.0016760453581809998]",0.0014377739280462265,0.0014149732887744904,0.0017076777294278145
68,4096,4096,s17_p2,7236509,7236509,"[40795648, 40795648, 40795648, 40795648, 40795648, 40795648, 40795648]",40795648,40795648,40795648,"[56623104, 56623104, 56623104, 56623104, 56623104, 56623104, 56623104]",56623104,56623104,56623104,"[41944064, 41944064, 41944064, 41944064, 41944064, 41944064, 41944064]",41944064,41944064,41944064,"[56623104, 56623104, 56623104, 56623104, 56623104, 56623104, 56623104]",56623104,56623104,56623104,"[1148416, 1148416, 1148416, 1148416, 1148416, 1148416, 1148416]",1148416,1148416,1148416,"[0.004515991546213627, 0.004483207128942013, 0.004477848298847675, 0.004430536180734634, 0.0043823448941111565, 0.004704328253865242, 0.0047689201310276985]",0.004483207128942013,0.0043823448941111565,0.0047689201310276985
69,4096,4096,s17_p3,7239347,7239347,"[40798208, 40798208, 40798208, 40798208, 40798208, 40798208, 40798208]",40798208,40798208,40798208,"[56623104, 56623104, 56623104, 56623104, 56623104, 56623104, 56623104]",56623104,56623104,56623104,"[41946624, 41946624, 41946624, 41946624, 41946624, 41946624, 41946624]",41946624,41946624,41946624,"[56623104, 56623104, 56623104, 56623104, 56623104, 56623104, 56623104]",56623104,56623104,56623104,"[1148416, 1148416, 1148416, 1148416, 1148416, 1148416, 1148416]",1148416,1148416,1148416,"[0.0038606803864240646, 0.003879256546497345, 0.0039204563945531845, 0.0038461852818727493, 0.0037895776331424713, 0.004103193059563637, 0.004166505299508572]",0.003879256546497345,0.0037895776331424713,0.004166505299508572
70,4096,4096,s17_coarsened_p2,7236509,7236509,"[40795648, 40795648, 40795648, 40795648, 40795648, 40795648, 40795648]",40795648,40795648,40795648,"[56623104, 56623104, 56623104, 56623104, 56623104, 56623104, 56623104]",56623104,56623104,56623104,"[41944064, 41944064, 41944064, 41944064, 41944064, 41944064, 41944064]",41944064,41944064,41944064,"[56623104, 56623104, 56623104, 56623104, 56623104, 56623104, 56623104]",56623104,56623104,56623104,"[1148416, 1148416, 1148416, 1148416, 1148416, 1148416, 1148416]",1148416,1148416,1148416,"[0.005589652806520462, 0.004469944164156914, 0.004557560198009014, 0.004447143524885178, 0.004382711835205555, 0.00474828016012907, 0.004784567281603813]",0.004557560198009014,0.004382711835205555,0.005589652806520462
71,4096,4096,s29_p2,7236509,7236509,"[40795648, 40795648, 40795648, 40795648, 40795648, 40795648, 40795648]",40795648,40795648,40795648,"[56623104, 56623104, 56623104, 56623104, 56623104, 56623104, 56623104]",56623104,56623104,56623104,"[41944064, 41944064, 41944064, 41944064, 41944064, 41944064, 41944064]",41944064,41944064,41944064,"[56623104, 56623104, 56623104, 56623104, 56623104, 56623104, 56623104]",56623104,56623104,56623104,"[1148416, 1148416, 1148416, 1148416, 1148416, 1148416, 1148416]",1148416,1148416,1148416,"[0.004450776614248753, 0.004513815976679325, 0.00450375210493803, 0.004445351660251617, 0.004393639974296093, 0.004772759974002838, 0.004748104140162468]",0.00450375210493803,0.004393639974296093,0.004772759974002838
72,4096,4096,s29_p3,7239347,7239347,"[40798208, 40798208, 40798208, 40798208, 40798208, 40798208, 40798208]",40798208,40798208,40798208,"[56623104, 56623104, 56623104, 56623104, 56623104, 56623104, 56623104]",56623104,56623104,56623104,"[41946624, 41946624, 41946624, 41946624, 41946624, 41946624, 41946624]",41946624,41946624,41946624,"[56623104, 56623104, 56623104, 56623104, 56623104, 56623104, 56623104]",56623104,56623104,56623104,"[1148416, 1148416, 1148416, 1148416, 1148416, 1148416, 1148416]",1148416,1148416,1148416,"[0.003913288004696369, 0.0039069997146725655, 0.003889305517077446, 0.003841737285256386, 0.003813113085925579, 0.004070457071065903, 0.00419860053807497]",0.0039069997146725655,0.003813113085925579,0.00419860053807497
73,4096,4096,s29_coarsened_p2,7236509,7236509,"[40795648, 40795648, 40795648, 40795648, 40795648, 40795648, 40795648]",40795648,40795648,40795648,"[56623104, 56623104, 56623104, 56623104, 56623104, 56623104, 56623104]",56623104,56623104,56623104,"[41944064, 41944064, 41944064, 41944064, 41944064, 41944064, 41944064]",41944064,41944064,41944064,"[56623104, 56623104, 56623104, 56623104, 56623104, 56623104, 56623104]",56623104,56623104,56623104,"[1148416, 1148416, 1148416, 1148416, 1148416, 1148416, 1148416]",1148416,1148416,1148416,"[0.00460911076515913, 0.0045164236798882484, 0.004466664046049118, 0.004467464052140713, 0.004490439780056477, 0.004697511903941631, 0.004784584045410156]",0.0045164236798882484,0.004466664046049118,0.004784584045410156
74,4096,4096,s43_p2,7236509,7236509,"[40795648, 40795648, 40795648, 40795648, 40795648, 40795648, 40795648]",40795648,40795648,40795648,"[56623104, 56623104, 56623104, 56623104, 56623104, 56623104, 56623104]",56623104,56623104,56623104,"[41944064, 41944064, 41944064, 41944064, 41944064, 41944064, 41944064]",41944064,41944064,41944064,"[56623104, 56623104, 56623104, 56623104, 56623104, 56623104, 56623104]",56623104,56623104,56623104,"[1148416, 1148416, 1148416, 1148416, 1148416, 1148416, 1148416]",1148416,1148416,1148416,"[0.004530422389507294, 0.004500263370573521, 0.004471080377697945, 0.004421079531311989, 0.0043980395421385765, 0.004735415801405907, 0.004781495779752731]",0.004500263370573521,0.0043980395421385765,0.004781495779752731
75,4096,4096,s43_p3,7239347,7239347,"[40798208, 40798208, 40798208, 40798208, 40798208, 40798208, 40798208]",40798208,40798208,40798208,"[56623104, 56623104, 56623104, 56623104, 56623104, 56623104, 56623104]",56623104,56623104,56623104,"[41946624, 41946624, 41946624, 41946624, 41946624, 41946624, 41946624]",41946624,41946624,41946624,"[56623104, 56623104, 56623104, 56623104, 56623104, 56623104, 56623104]",56623104,56623104,56623104,"[1148416, 1148416, 1148416, 1148416, 1148416, 1148416, 1148416]",1148416,1148416,1148416,"[0.003936313092708588, 0.003882729448378086, 0.003889160230755806, 0.0038740569725632668, 0.0037822816520929337, 0.004122776910662651, 0.0042014168575406075]",0.003889160230755806,0.0037822816520929337,0.0042014168575406075
76,4096,4096,s43_coarsened_p2,7236509,7236509,"[40795648, 40795648, 40795648, 40795648, 40795648, 40795648, 40795648]",40795648,40795648,40795648,"[56623104, 56623104, 56623104, 56623104, 56623104, 56623104, 56623104]",56623104,56623104,56623104,"[41944064, 41944064, 41944064, 41944064, 41944064, 41944064, 41944064]",41944064,41944064,41944064,"[56623104, 56623104, 56623104, 56623104, 56623104, 56623104, 56623104]",56623104,56623104,56623104,"[1148416, 1148416, 1148416, 1148416, 1148416, 1148416, 1148416]",1148416,1148416,1148416,"[0.004501416347920895, 0.004511544480919838, 0.004499319940805435, 0.004469752311706543, 0.004485895857214928, 0.004729144275188446, 0.004737336188554764]",0.004501416347920895,0.004469752311706543,0.004737336188554764
77,4096,4096,recency_view,7089280,7089280,"[40644608, 40644608, 40644608, 40644608, 40644608, 40644608, 40644608]",40644608,40644608,40644608,"[56623104, 56623104, 56623104, 56623104, 56623104, 56623104, 56623104]",56623104,56623104,56623104,"[40648704, 40648704, 40648704, 40648704, 40648704, 40648704, 40648704]",40648704,40648704,40648704,"[56623104, 56623104, 56623104, 56623104, 56623104, 56623104, 56623104]",56623104,56623104,56623104,"[4096, 4096, 4096, 4096, 4096, 4096, 4096]",4096,4096,4096,"[0.001447564922273159, 0.0014400295913219452, 0.001454702578485012, 0.0014439653605222702, 0.0014735814183950424, 0.0015917262062430382, 0.001644892618060112]",0.001454702578485012,0.0014400295913219452,0.001644892618060112
