length,method,endpoint,nll,subword_ppl
2048,eager_original,all,2.5367617220595795,12.63867708266245
2048,eager_original,affected,2.520098104420051,12.429816023656603
2048,native_full,all,2.5361847367427712,12.631386854941299
2048,native_full,affected,2.51953336895399,12.422798447435024
2048,recency,all,2.537881451408179,12.652836906425039
2048,recency,affected,2.521343256874828,12.445302679213592
2048,uniform,all,2.539643629147857,12.675153110749743
2048,uniform,affected,2.5232229743490966,12.468718332644118
2048,s17_p2,all,2.5488346971596223,12.79218832045117
2048,s17_p2,affected,2.5330270995289217,12.591564423229796
2048,s17_p3,all,2.544742962878363,12.73995302432217
2048,s17_p3,affected,2.528662440814103,12.536726303731443
2048,s17_coarsened_p2,all,2.5421495683077016,12.706956104828278
2048,s17_coarsened_p2,affected,2.5258960631767167,12.502092911047276
2048,s29_p2,all,2.5442311937386757,12.733434777584284
2048,s29_p2,affected,2.5281165359527478,12.529884311605052
2048,s29_p3,all,2.5425945312533367,12.71261148757131
2048,s29_p3,affected,2.52637070577688,12.508028345427633
2048,s29_coarsened_p2,all,2.540943795477101,12.691643635932142
2048,s29_coarsened_p2,affected,2.524609863601813,12.486023061192084
2048,s43_p2,all,2.54189590167852,12.703733182897162
2048,s43_p2,affected,2.5256254766264643,12.49871047049764
2048,s43_p3,all,2.5403803557494298,12.684494673891953
2048,s43_p3,affected,2.5240088416515563,12.478520941955892
2048,s43_coarsened_p2,all,2.540126716581871,12.681277797202172
2048,s43_coarsened_p2,affected,2.5237382843946556,12.475145244240009
4096,eager_original,all,2.5177351014253446,12.40047900654965
4096,eager_original,affected,2.5091177743793027,12.294079123141413
4096,native_full,all,2.5177057787100807,12.400115396165653
4096,native_full,affected,2.509054496695657,12.293301206904571
4096,recency,all,2.520968501870244,12.440639613559162
4096,recency,affected,2.5124224955211845,12.334774833289382
4096,uniform,all,2.5250311142195687,12.491283914110896
4096,uniform,affected,2.516616192917324,12.386611764619943
4096,s17_p2,all,2.5363514127403852,12.633492379411916
4096,s17_p2,affected,2.528301754410327,12.532205292388499
4096,s17_p3,all,2.5325637373436805,12.58573131994715
4096,s17_p3,affected,2.524391865136441,12.483301423993291
4096,s17_coarsened_p2,all,2.5296384566633834,12.548968320531367
4096,s17_coarsened_p2,affected,2.521372196776013,12.445662850254982
4096,s29_p2,all,2.5281671390171296,12.53051837819029
4096,s29_p2,affected,2.519853405306034,12.426774830791992
4096,s29_p3,all,2.5272307810921544,12.518790819455965
4096,s29_p3,affected,2.5188868346726148,12.414769278214406
4096,s29_coarsened_p2,all,2.525043363564151,12.491436925088976
4096,s29_coarsened_p2,affected,2.5166288375016608,12.386768389167274
4096,s43_p2,all,2.5301327466105326,12.555172682669893
4096,s43_p2,affected,2.521882435579536,12.452014730726885
4096,s43_p3,all,2.528161707214469,12.530450315072079
4096,s43_p3,affected,2.5198477982397636,12.426705153237332
4096,s43_coarsened_p2,all,2.527064443615122,12.51670864855189
4096,s43_coarsened_p2,affected,2.5187151301179274,12.412637788782401
