kind,length,method,reference,endpoint,paired_delta_nll,lower_025,upper_975,point_relative_ppl_percent,upper_relative_ppl_percent,family,seed,passed
primary,2048,s17_p2,native_full,all,0.01264996041685114,0.011148294993444262,0.014193971506332578,1.2730309613387254,1.4295184223075268,p2,17,False
primary,2048,s17_p2,native_full,affected,0.013493730574931912,0.011891901954966382,0.015140729376478807,1.3585181833938549,1.5255930896863386,p2,17,False
primary,2048,s17_p2,uniform,all,0.009191068011765842,0.008246891871165658,0.010145918504374891,0.9233435578949718,1.0197562847515727,p2,17,False
primary,2048,s17_p2,uniform,affected,0.009804125179825287,0.00879697116220751,0.010822665543749534,0.9852343064327655,1.0881442437999698,p2,17,False
primary,2048,s17_p2,s17_coarsened_p2,all,0.006685128851920615,0.005707053453496089,0.007690979867974985,0.6707524203259487,0.772063142139484,p2,17,True
primary,2048,s17_p2,s17_coarsened_p2,affected,0.007131036352205067,0.006087721948570381,0.008203979046245332,0.7156522737361836,0.8237723899908185,p2,17,True
primary,2048,s29_p2,native_full,all,0.008046456995904715,0.006803723665286437,0.009354965532194769,0.8078916734552238,0.939885999253037,p2,29,True
primary,2048,s29_p2,native_full,affected,0.008583166998758152,0.007257541606483216,0.009978954895467775,0.8620107991218595,1.0028910696491213,p2,29,False
primary,2048,s29_p2,uniform,all,0.004587564590819417,0.0034610506099291534,0.005662364905725876,0.4598103575184369,0.5678426394916143,p2,29,True
primary,2048,s29_p2,uniform,affected,0.004893561603651526,0.003691907555250077,0.006040052611787822,0.4905554631128538,0.6058330510858216,p2,29,True
primary,2048,s29_p2,s29_coarsened_p2,all,0.0032873982615751617,0.002592348775711374,0.003989843250286419,0.32928076812549845,0.3997813271053332,p2,29,True
primary,2048,s29_p2,s29_coarsened_p2,affected,0.0035066723509350533,0.002765262086441541,0.00425597140872137,0.3512827919507744,0.4265040916995342,p2,29,True
primary,2048,s43_p2,native_full,all,0.005711164935748848,0.004724585096409231,0.006741035428800653,0.5727504729820038,0.6763807348141393,p2,43,True
primary,2048,s43_p2,native_full,affected,0.006092107672474108,0.0050397215697497,0.007190671976422535,0.6110702301403443,0.7216586936245168,p2,43,True
primary,2048,s43_p2,uniform,all,0.0022522725306635505,0.001469699494769227,0.0030541315790597024,0.22548108017080715,0.3058800190552171,p2,43,True
primary,2048,s43_p2,uniform,affected,0.0024025022773674813,0.0015677305189122138,0.0032578464524935587,0.2405390598566776,0.3263159001837657,p2,43,True
primary,2048,s43_p2,s43_coarsened_p2,all,0.0017691850966490524,0.0010350617187245585,0.0025551162673944352,0.177075102794009,0.2558383358971409,p2,43,True
primary,2048,s43_p2,s43_coarsened_p2,affected,0.0018871922318085099,0.0011041017916775012,0.0027255461174342647,0.18889740998012508,0.272926379505338,p2,43,True
primary,2048,s17_p3,native_full,all,0.00855822613559196,0.007372016737499734,0.009827431418047363,0.8594952448820291,0.9875879197872537,p3,17,True
primary,2048,s17_p3,native_full,affected,0.00912907186011295,0.007863740626191738,0.010482934920658143,0.9170868929290187,1.0538073385482343,p3,17,False
primary,2048,s17_p3,uniform,all,0.005099333730506662,0.0043049648069055585,0.0059239194990815675,0.5112357460792869,0.5941500609413295,p3,17,True
primary,2048,s17_p3,uniform,affected,0.005439466465006325,0.004592112016537601,0.006319053264523161,0.5454287222871406,0.6339060601878855,p3,17,True
primary,2048,s17_p3,s17_coarsened_p2,all,0.002593394570661435,0.0019175224718071344,0.0032674667590880347,0.2596760327310427,0.32728107474484985,p3,17,True
primary,2048,s17_p3,s17_coarsened_p2,affected,0.002766377637386105,0.002045423918597836,0.0034854113891887354,0.2770207590887341,0.3491492498467997,p3,17,True
primary,2048,s29_p3,native_full,all,0.006409794510565124,0.005435539417085895,0.007405769783326717,0.6430381205388583,0.7433260317321809,p3,29,True
primary,2048,s29_p3,native_full,affected,0.006837336822890421,0.00579809754391594,0.00789974504766533,0.6860764774800887,0.7931030361313296,p3,29,True
primary,2048,s29_p3,uniform,all,0.0029509021054798263,0.001999587096095509,0.0038759300911996152,0.2955260302914832,0.38834512222221795,p3,29,True
primary,2048,s29_p3,uniform,affected,0.0031477314277837945,0.0021329623687896793,0.004134460081649696,0.31526907365132784,0.41430187528295165,p3,29,True
primary,2048,s29_p3,s29_coarsened_p2,all,0.001650735776235571,0.0010839126876909955,0.002217538189013042,0.16520989905360522,0.22199987452792502,p3,29,True
primary,2048,s29_p3,s29_coarsened_p2,affected,0.001760842175067322,0.001156211189006492,0.0023654511062582645,0.17623933679850923,0.23682509929560971,p3,29,True
primary,2048,s43_p3,native_full,all,0.004195619006658286,0.003241135163322635,0.005175508122624667,0.4204432938404962,0.5188924199808116,p3,43,True
primary,2048,s43_p3,native_full,affected,0.0044754726975661865,0.0034573234389376766,0.005520721796254667,0.4485502582743132,0.553598906334487,p3,43,True
primary,2048,s43_p3,uniform,all,0.0007367266015729885,2.460769349806274e-05,0.0014581763755835903,0.07369980512730333,0.1459240031691319,p3,43,True
primary,2048,s43_p3,uniform,affected,0.0007858673024595602,2.6249061277050134e-05,0.0015554387914640897,0.07861761770742855,0.15566491138271882,p3,43,True
primary,2048,s43_p3,s43_coarsened_p2,all,0.00025363916755849036,-0.00043839672884791303,0.0009589004938322101,0.02536713366918768,0.0959360385895908,p3,43,True
primary,2048,s43_p3,s43_coarsened_p2,affected,0.00027055725690058874,-0.0004676384074787038,0.0010228605059272712,0.02705938608162968,0.10233838061403949,p3,43,True
primary,4096,s17_p2,native_full,all,0.01864563403030422,0.017100069528655216,0.02027198484055931,1.8820549308631676,2.047885706406416,p2,17,False
primary,4096,s17_p2,native_full,affected,0.01924725771466995,0.01765182372569776,0.020926084679125358,1.9433680299783582,2.114657047153927,p2,17,False
primary,4096,s17_p2,uniform,all,0.011320298520816416,0.01044375436972903,0.012242852576446236,1.1384615567049121,1.231810307607771,p2,17,False
primary,4096,s17_p2,uniform,affected,0.01168556149300308,0.010780734596430638,0.012637882858721295,1.175410439394055,1.2718078378064919,p2,17,False
primary,4096,s17_p2,s17_coarsened_p2,all,0.006712956077001756,0.005884269675532627,0.007558136606728459,0.6735538469904213,0.7586771417687991,p2,17,True
primary,4096,s17_p2,s17_coarsened_p2,affected,0.006929557634313635,0.006074132674894374,0.007802008924767596,0.6953622573163563,0.7832523904155477,p2,17,True
primary,4096,s29_p2,native_full,all,0.01046136030704884,0.009284150510048585,0.011714069789092127,1.0516271652194393,1.1782948190659717,p2,29,False
primary,4096,s29_p2,native_full,affected,0.010798908610376825,0.009583714731194529,0.012092038262246542,1.0857427280188372,1.2165442527597672,p2,29,False
primary,4096,s29_p2,uniform,all,0.003136024797561035,0.0024563016802634564,0.0038045009688556525,0.31409472676442174,0.3811747269271449,p2,29,True
primary,4096,s29_p2,uniform,affected,0.0032372123887099554,0.0025355571920036655,0.0039272577432477584,0.32424578193985676,0.39349795251054903,p2,29,True
primary,4096,s29_p2,s29_coarsened_p2,all,0.003123775452978819,0.0024680919392139973,0.003806636389986084,0.31286595237751635,0.3813890832376247,p2,29,True
primary,4096,s29_p2,s29_coarsened_p2,affected,0.0032245678043731902,0.0025477278777618767,0.0039294620662951914,0.3229772315732076,0.39371925245580636,p2,29,True
primary,4096,s43_p2,native_full,all,0.012426967900451702,0.011082519954557998,0.013843300110636265,1.2504503510683809,1.3939562272042916,p2,43,False
primary,4096,s43_p2,native_full,affected,0.012827938883879411,0.011440110716893118,0.014289970746926025,1.2910569842149069,1.4392560464446102,p2,43,False
primary,4096,s43_p2,uniform,all,0.005101632390963896,0.004307773403287198,0.005880773442828384,0.5114667875479469,0.5898099137148504,p2,43,True
primary,4096,s43_p2,uniform,affected,0.005266242662212542,0.004446768864749407,0.006070523632060075,0.5280133691907277,0.6088986601701092,p2,43,True
primary,4096,s43_p2,s43_coarsened_p2,all,0.003068302995410231,0.0024358981040102723,0.003736450767750309,0.30730150551558777,0.374344000218586,p2,43,True
primary,4096,s43_p2,s43_coarsened_p2,affected,0.003167305461609491,0.0025144952699576438,0.003857011821007658,0.31723266733907124,0.3864459663495009,p2,43,True
primary,4096,s17_p3,native_full,all,0.01485795863359959,0.01351838821168178,0.016289620283513,1.496888680881881,1.6423019504552956,p3,17,False
primary,4096,s17_p3,native_full,affected,0.01533736844078406,0.013954575176918737,0.016815224366268203,1.5455589502842686,1.6957396016346862,p3,17,False
primary,4096,s17_p3,uniform,all,0.007532623124111785,0.00666836178678474,0.008420070265707515,0.7561064698046002,0.8455618760908714,p3,17,True
primary,4096,s17_p3,uniform,affected,0.0077756722191171905,0.00688352445598278,0.008691753904227986,0.7805981265152878,0.8729636874133617,p3,17,True
primary,4096,s17_p3,s17_coarsened_p2,all,0.0029252806802971256,0.0023502688599183114,0.003515993817149804,0.29295634889472894,0.352218217402688,p3,17,True
primary,4096,s17_p3,s17_coarsened_p2,affected,0.003019668360427745,0.0024261030958823895,0.003629441563203552,0.30242321514868614,0.3636035961815153,p3,17,True
primary,4096,s29_p3,native_full,all,0.009525002382073652,0.00842472241265031,0.010702025698344398,0.9570509587919506,1.0759497212935505,p3,29,False
primary,4096,s29_p3,native_full,affected,0.009832337976957723,0.008696556158256243,0.011047339358386633,0.9880834225522029,1.110858654352894,p3,29,False
primary,4096,s29_p3,uniform,all,0.0021996668725858463,0.0015666174473019613,0.0028530428946743893,0.22020879145975475,0.2857116694874764,p3,29,True
primary,4096,s29_p3,uniform,affected,0.0022706417552908528,0.0016171662330983075,0.002945099736246898,0.22732216145571432,0.2949440803053907,p3,29,True
primary,4096,s29_p3,s29_coarsened_p2,all,0.0021874175280036305,0.0016864588845799564,0.0027001529582333346,0.21898116710697874,0.2703801654505863,p3,29,True
primary,4096,s29_p3,s29_coarsened_p2,affected,0.0022579971709540876,0.0017408744976945886,0.002787276623132261,0.22605483664021028,0.27911646901527504,p3,29,True
primary,4096,s43_p3,native_full,all,0.010455928504388295,0.009282802251656263,0.011680355875751208,1.051078274212886,1.1748837603028524,p3,43,False
primary,4096,s43_p3,native_full,affected,0.010793301544106331,0.00958232296963254,0.01205723652916584,1.085175935149383,1.2130218028973672,p3,43,False
primary,4096,s43_p3,uniform,all,0.003130592994900489,0.002432662203354758,0.003843446139460561,0.3135498418776496,0.38508416502877896,p3,43,True
primary,4096,s43_p3,uniform,affected,0.0032316053224394612,0.0025111549590968825,0.003967459526365269,0.3236832588222738,0.397534031269882,p3,43,True
primary,4096,s43_p3,s43_coarsened_p2,all,0.0010972635993468244,0.0006281866452120046,0.0015727074184432878,0.10978658132923887,0.15739447713349694,p3,43,True
primary,4096,s43_p3,s43_coarsened_p2,affected,0.0011326681218364106,0.000648455838704986,0.0016234527044428695,0.11333098326324396,0.16247712172024792,p3,43,True
secondary,2048,eager_original,native_full,all,0.0005769853168080592,0.00016232775050818748,0.0010023337629305549,0.057715180485481174,0.10028362672950489,,,
secondary,2048,eager_original,native_full,affected,0.000564735466061203,0.0001208492687336407,0.0010176613820683273,0.05648949591569063,0.10181793751115403,,,
secondary,2048,native_full,native_full,all,0.0,0.0,0.0,0.0,0.0,,,
secondary,2048,native_full,eager_original,all,-0.0005769853168080592,-0.001002333762930556,-0.000162327750508188,-0.05768188927897638,-0.016231457607176397,,,
secondary,2048,native_full,native_full,affected,0.0,0.0,0.0,0.0,0.0,,,
secondary,2048,native_full,eager_original,affected,-0.000564735466061203,-0.0010176613820683281,-0.00012084926873364093,-0.05645760330018027,-0.012084196675491342,,,
secondary,2048,recency,native_full,all,0.0016967146654070322,0.0009810400844342817,0.0024541875814762058,0.16981549001755683,0.24572015649413304,,,
secondary,2048,recency,eager_original,all,0.0011197293485989731,0.0004201360167871648,0.0018253166209705677,0.11203564795564999,0.18269835254091327,,,
secondary,2048,recency,native_full,affected,0.0018098879208380083,0.001046476838372569,0.002617885346160381,0.1811526756534845,0.2621315000163837,,,
secondary,2048,recency,eager_original,affected,0.0012451524547768054,0.0004984926685262566,0.002004339397097154,0.12459279789431615,0.20063494280102445,,,
secondary,2048,uniform,native_full,all,0.0034588924050852976,0.002562227418165191,0.004396402400085007,0.3464881276383342,0.4406080755233526,,,
secondary,2048,uniform,eager_original,all,0.0028819070882772383,0.001987722169219407,0.0038029862967214174,0.2886063774612087,0.38102268247413296,,,
secondary,2048,uniform,native_full,affected,0.003689605395106626,0.0027331315919667315,0.004689648625833275,0.36964203680350455,0.47006622378765844,,,
secondary,2048,uniform,eager_original,affected,0.0031248699290454232,0.0021709673707669807,0.004099069504918192,0.31297574246855503,0.4107482181108534,,,
secondary,2048,s17_p2,native_full,all,0.01264996041685114,0.011148294993444262,0.014193971506332578,1.2730309613387254,1.4295184223075268,,,
secondary,2048,s17_p2,eager_original,all,0.012072975100043081,0.010573945243726037,0.013622455804833788,1.2146147637501425,1.3715664217502492,,,
secondary,2048,s17_p2,native_full,affected,0.013493730574931912,0.011891901954966382,0.015140729376478807,1.3585181833938549,1.5255930896863386,,,
secondary,2048,s17_p2,eager_original,affected,0.01292899510887071,0.011346945123980412,0.014565397975885292,1.3012935932869334,1.4671990275974593,,,
secondary,2048,s17_p3,native_full,all,0.00855822613559196,0.007372016737499734,0.009827431418047363,0.8594952448820291,0.9875879197872537,,,
secondary,2048,s17_p3,eager_original,all,0.0079812408187839,0.006859905751688729,0.009163941206383749,0.8013175825075418,0.9206058671283367,,,
secondary,2048,s17_p3,native_full,affected,0.00912907186011295,0.007863740626191738,0.010482934920658143,0.9170868929290187,1.0538073385482343,,,
secondary,2048,s17_p3,eager_original,affected,0.008564336394051748,0.007360036628676258,0.00983988581188815,0.8601115243489107,0.9888456668124599,,,
secondary,2048,s17_coarsened_p2,native_full,all,0.0059648315649305245,0.0049154497586300205,0.007074067473564942,0.5982656596208906,0.7099147793955012,,,
secondary,2048,s17_coarsened_p2,eager_original,all,0.005387846248122465,0.004379704141779727,0.006453592860149815,0.5402386794065376,0.6474462160386764,,,
secondary,2048,s17_coarsened_p2,native_full,affected,0.006362694222726846,0.005243317173483955,0.007545917727143033,0.638297916107835,0.757445991147273,,,
secondary,2048,s17_coarsened_p2,eager_original,affected,0.005797958756665643,0.004720025941270032,0.006929114342122024,0.5814799451023053,0.6953176198584299,,,
secondary,2048,s29_p2,native_full,all,0.008046456995904715,0.006803723665286437,0.009354965532194769,0.8078916734552238,0.939885999253037,,,
secondary,2048,s29_p2,eager_original,all,0.007469471679096656,0.006320934972472037,0.008684206284129217,0.749743776995671,0.8722023394783982,,,
secondary,2048,s29_p2,native_full,affected,0.008583166998758152,0.007257541606483216,0.009978954895467775,0.8620107991218595,1.0028910696491213,,,
secondary,2048,s29_p2,eager_original,affected,0.008018431532696949,0.006810965238002942,0.009308851077711018,0.8050665251843062,0.9352313187993792,,,
secondary,2048,s29_p3,native_full,all,0.006409794510565124,0.005435539417085895,0.007405769783326717,0.6430381205388583,0.7433260317321809,,,
secondary,2048,s29_p3,eager_original,all,0.005832809193757065,0.004859690820433196,0.006805156758508603,0.5849853147231711,0.6828364451891942,,,
secondary,2048,s29_p3,native_full,affected,0.006837336822890421,0.00579809754391594,0.00789974504766533,0.6860764774800887,0.7931030361313296,,,
secondary,2048,s29_p3,eager_original,affected,0.006272601356829218,0.005262795024826928,0.007283921360241362,0.6292315318439169,0.7310513641584714,,,
secondary,2048,s29_coarsened_p2,native_full,all,0.004759058734329553,0.003954047521279249,0.005630999658172059,0.47704010401097136,0.5646883536790096,,,
secondary,2048,s29_coarsened_p2,eager_original,all,0.004182073417521494,0.0033954913619101087,0.005000977883471133,0.419083048987383,0.5013503645014019,,,
secondary,2048,s29_coarsened_p2,native_full,affected,0.005076494647823099,0.004217788054225372,0.006006595258091797,0.5089401878697767,0.6024671024537291,,,
secondary,2048,s29_coarsened_p2,eager_original,affected,0.004511759181761896,0.0036887304768668107,0.005376354803545087,0.4521952491372937,0.5390833334642664,,,
secondary,2048,s43_p2,native_full,all,0.005711164935748848,0.004724585096409231,0.006741035428800653,0.5727504729820038,0.6763807348141393,,,
secondary,2048,s43_p2,eager_original,all,0.005134179618940789,0.004242430852740848,0.006072404499191053,0.5147382104093572,0.6090878923186432,,,
secondary,2048,s43_p2,native_full,affected,0.006092107672474108,0.0050397215697497,0.007190671976422535,0.6110702301403443,0.7216586936245168,,,
secondary,2048,s43_p2,eager_original,affected,0.005527372206412904,0.004574817531034046,0.006528578572912456,0.5542676312337459,0.6549936195011031,,,
secondary,2048,s43_p3,native_full,all,0.004195619006658286,0.003241135163322635,0.005175508122624667,0.4204432938404962,0.5188924199808116,,,
secondary,2048,s43_p3,eager_original,all,0.003618633689850227,0.0026962190065732057,0.004555760755040054,0.36251888492628587,0.45661540101360565,,,
secondary,2048,s43_p3,native_full,affected,0.0044754726975661865,0.0034573234389376766,0.005520721796254667,0.4485502582743132,0.553598906334487,,,
secondary,2048,s43_p3,eager_original,affected,0.003910737231504984,0.002933433812039942,0.004918323531746745,0.3918394142487145,0.4930438338297813,,,
secondary,2048,s43_coarsened_p2,native_full,all,0.003941979839099796,0.0030671278708896584,0.004849676451061252,0.39497596609002933,0.48614551651877114,,,
secondary,2048,s43_coarsened_p2,eager_original,all,0.0033649945222917364,0.0025302324408850306,0.00422815059976354,0.3370662472116143,0.42371018397946286,,,
secondary,2048,s43_coarsened_p2,native_full,affected,0.004204915440665598,0.0032717096152741873,0.005173156693758407,0.42137685020392823,0.5186560572334661,,,
secondary,2048,s43_coarsened_p2,eager_original,affected,0.0036401799746043945,0.002776281817554678,0.0045445716923662935,0.364681347633261,0.4554913919362056,,,
secondary,4096,eager_original,native_full,all,2.932271526377772e-05,-0.0002547442402954492,0.0003203816431746204,0.002932314517879502,0.03204329708545978,,,
secondary,4096,eager_original,native_full,affected,6.327768364554946e-05,-0.00023097793045910028,0.0003642080013652091,0.006327968572040189,0.03642743331519497,,,
secondary,4096,native_full,native_full,all,0.0,0.0,0.0,0.0,0.0,,,
secondary,4096,native_full,eager_original,all,-2.932271526377772e-05,-0.00032038164317462067,0.0002547442402954492,-0.002932228535716452,0.025477669036486197,,,
secondary,4096,native_full,native_full,affected,0.0,0.0,0.0,0.0,0.0,,,
secondary,4096,native_full,eager_original,affected,-6.327768364554946e-05,-0.0003642080013652093,0.00023097793045910022,-0.0063275681655153015,0.023100460791520814,,,
secondary,4096,recency,native_full,all,0.003262723160163131,0.002673777835220202,0.003889819260022759,0.3268051634909721,0.3897394425784495,,,
secondary,4096,recency,eager_original,all,0.003233400444899353,0.002654142850289228,0.0038577622965525575,0.32386335228099555,0.38652130395050754,,,
secondary,4096,recency,native_full,affected,0.0033679988255275735,0.0027600504752272968,0.004015328931130078,0.3373676906372287,0.40234011649511525,,,
secondary,4096,recency,eager_original,affected,0.003304721141882024,0.002711087542803691,0.0039412332934504034,0.33101877530111995,0.3949010166854776,,,
secondary,4096,uniform,native_full,all,0.007325335509487805,0.006342156760550689,0.008390919822406967,0.7352231413381227,0.8426222261035489,,,
secondary,4096,uniform,eager_original,all,0.007296012794224028,0.006251064381299708,0.00843148038691014,0.7322693543796549,0.846712542739235,,,
secondary,4096,uniform,native_full,affected,0.0075616962216668695,0.006546794034397456,0.008661662887006805,0.7590358044994776,0.8699283629941209,,,
secondary,4096,uniform,eager_original,affected,0.00749841853802132,0.006430392784695129,0.008665010132592464,0.7526602078260319,0.8702659999816363,,,
secondary,4096,s17_p2,native_full,all,0.01864563403030422,0.017100069528655216,0.02027198484055931,1.8820549308631676,2.047885706406416,,,
secondary,4096,s17_p2,eager_original,all,0.01861631131504044,0.017021444718964857,0.02030806338927363,1.8790675161757104,2.0515675124387776,,,
secondary,4096,s17_p2,native_full,affected,0.01924725771466995,0.01765182372569776,0.020926084679125358,1.9433680299783582,2.114657047153927,,,
secondary,4096,s17_p2,eager_original,affected,0.0191839800310244,0.017540313820485442,0.020926400377128743,1.9369174938760392,2.114689284552362,,,
secondary,4096,s17_p3,native_full,all,0.01485795863359959,0.01351838821168178,0.016289620283513,1.496888680881881,1.6423019504552956,,,
secondary,4096,s17_p3,eager_original,all,0.014828635918335812,0.013429841554804556,0.016329743606875776,1.4939125601491159,1.646380259220894,,,
secondary,4096,s17_p3,native_full,affected,0.01533736844078406,0.013954575176918737,0.016815224366268203,1.5455589502842686,1.6957396016346862,,,
secondary,4096,s17_p3,eager_original,affected,0.01527409075713851,0.013830906116702589,0.016823101789890993,1.5391335858226358,1.6965407052114732,,,
secondary,4096,s17_coarsened_p2,native_full,all,0.011932677953302464,0.010775252494338805,0.013149510908919766,1.2004156381620315,1.323634592270762,,,
secondary,4096,s17_coarsened_p2,eager_original,all,0.011903355238038687,0.010706962517194137,0.013172985874417925,1.1974482106964255,1.3260131890155928,,,
secondary,4096,s17_coarsened_p2,native_full,affected,0.012317700080356314,0.011122928904541857,0.013573795606762355,1.2393875394905032,1.3666337812619604,,,
secondary,4096,s17_coarsened_p2,eager_original,affected,0.012254422396710766,0.011013797370245514,0.013569697405518754,1.2329815482335917,1.3662183612485763,,,
secondary,4096,s29_p2,native_full,all,0.01046136030704884,0.009284150510048585,0.011714069789092127,1.0516271652194393,1.1782948190659717,,,
secondary,4096,s29_p2,eager_original,all,0.010432037591785062,0.009200560647784264,0.011729227673811717,1.0486641005718949,1.1798284796184593,,,
secondary,4096,s29_p2,native_full,affected,0.010798908610376825,0.009583714731194529,0.012092038262246542,1.0857427280188372,1.2165442527597672,,,
secondary,4096,s29_p2,eager_original,affected,0.010735630926731276,0.009472389464952423,0.012068628460095526,1.0793464587421044,1.2141748212184706,,,
secondary,4096,s29_p3,native_full,all,0.009525002382073652,0.00842472241265031,0.010702025698344398,0.9570509587919506,1.0759497212935505,,,
secondary,4096,s29_p3,eager_original,all,0.009495679666809875,0.008342865442651209,0.010725295152433994,0.9540906673349192,1.0783017308300353,,,
secondary,4096,s29_p3,native_full,affected,0.009832337976957723,0.008696556158256243,0.011047339358386633,0.9880834225522029,1.110858654352894,,,
secondary,4096,s29_p3,eager_original,affected,0.009769060293312173,0.008579995084533009,0.011034693392529556,0.9816933327345935,1.1095800179713842,,,
secondary,4096,s29_coarsened_p2,native_full,all,0.007337584854070022,0.0064543477882599955,0.008276438528336663,0.7364570893554593,0.8310782930084695,,,
secondary,4096,s29_coarsened_p2,eager_original,all,0.007308262138806244,0.006434970952595302,0.008251640487202658,0.7335032662148154,0.828577910783792,,,
secondary,4096,s29_coarsened_p2,native_full,affected,0.007574340806003635,0.0066626050398095405,0.008543487717050186,0.7603098686803879,0.8580087463815435,,,
secondary,4096,s29_coarsened_p2,eager_original,affected,0.007511063122358086,0.006607204173126085,0.008479370778686704,0.7539341913896627,0.8515422469595758,,,
secondary,4096,s43_p2,native_full,all,0.012426967900451702,0.011082519954557998,0.013843300110636265,1.2504503510683809,1.3939562272042916,,,
secondary,4096,s43_p2,eager_original,all,0.012397645185187923,0.011005880754749474,0.013872581684124684,1.2474814564706453,1.396925245253388,,,
secondary,4096,s43_p2,native_full,affected,0.012827938883879411,0.011440110716893118,0.014289970746926025,1.2910569842149069,1.4392560464446102,,,
secondary,4096,s43_p2,eager_original,affected,0.012764661200233863,0.011326284401064755,0.014279743187979508,1.28464772353866,1.4382185757793096,,,
secondary,4096,s43_p3,native_full,all,0.010455928504388295,0.009282802251656263,0.011680355875751208,1.051078274212886,1.1748837603028524,,,
secondary,4096,s43_p3,eager_original,all,0.010426605789124516,0.00922467224704792,0.011699858368529941,1.04811522566008,1.1768569419836954,,,
secondary,4096,s43_p3,native_full,affected,0.010793301544106331,0.00958232296963254,0.01205723652916584,1.085175935149383,1.2130218028973672,,,
secondary,4096,s43_p3,eager_original,affected,0.01073002386046078,0.009488158397750461,0.012042171634358206,1.0787797017368554,1.211497050855887,,,
secondary,4096,s43_coarsened_p2,native_full,all,0.00935866490504147,0.008230203732278946,0.010563716141240673,0.9402594142171518,1.061970918177078,,,
secondary,4096,s43_coarsened_p2,eager_original,all,0.009329342189777693,0.008153505572100104,0.010583295393849583,0.9372996151265819,1.063949655405874,,,
secondary,4096,s43_coarsened_p2,native_full,affected,0.00966063342226992,0.008495761099995553,0.0109045670779885,0.9707447972624249,1.096423856958789,,,
secondary,4096,s43_coarsened_p2,eager_original,affected,0.00959735573862437,0.008384510638781078,0.01088395756535041,0.9643558045581495,1.0943403304039507,,,
